participant.id_in_session,participant.code,participant.label,participant._is_bot,participant._index_in_pages,participant._max_page_index,participant._current_app_name,participant._current_page_name,participant.time_started,participant.visited,participant.mturk_worker_id,participant.mturk_assignment_id,participant.payoff,participant.payoff_plus_participation_fee,session.code,session.label,session.experimenter_name,session.mturk_HITId,session.mturk_HITGroupId,session.comment,session.is_demo,session.config.participation_fee,session.config.real_world_currency_per_point,inequality_research_survey.1.player.id_in_group,inequality_research_survey.1.player.treatment,inequality_research_survey.1.player.gender,inequality_research_survey.1.player.age,inequality_research_survey.1.player.nationality,inequality_research_survey.1.player.education,inequality_research_survey.1.player.field_of_work,inequality_research_survey.1.player.political_party,inequality_research_survey.1.player.bzsg_1,inequality_research_survey.1.player.bzsg_2,inequality_research_survey.1.player.bzsg_3,inequality_research_survey.1.player.bzsg_4,inequality_research_survey.1.player.bzsg_5,inequality_research_survey.1.player.bzsg_6,inequality_research_survey.1.player.bzsg_7,inequality_research_survey.1.player.bzsg_8,inequality_research_survey.1.player.redistribution_1,inequality_research_survey.1.player.redistribution_2,inequality_research_survey.1.player.redistribution_3,inequality_research_survey.1.player.redistribution_4,inequality_research_survey.1.player.undefined_question_1,inequality_research_survey.1.player.undefined_question_2,inequality_research_survey.1.player.undefined_question_3,inequality_research_survey.1.player.undefined_question_4,inequality_research_survey.1.player.zsg_question_1,inequality_research_survey.1.player.zsg_question_2,inequality_research_survey.1.player.zsg_question_3,inequality_research_survey.1.player.zsg_question_4,inequality_research_survey.1.player.nzsg_question_1,inequality_research_survey.1.player.nzsg_question_2,inequality_research_survey.1.player.nzsg_question_3,inequality_research_survey.1.player.nzsg_question_4,inequality_research_survey.1.player.feedback,inequality_research_survey.1.player.payoff,inequality_research_survey.1.group.id_in_subsession,inequality_research_survey.1.subsession.round_number,inequality_research_survey.2.player.id_in_group,inequality_research_survey.2.player.treatment,inequality_research_survey.2.player.gender,inequality_research_survey.2.player.age,inequality_research_survey.2.player.nationality,inequality_research_survey.2.player.education,inequality_research_survey.2.player.field_of_work,inequality_research_survey.2.player.political_party,inequality_research_survey.2.player.bzsg_1,inequality_research_survey.2.player.bzsg_2,inequality_research_survey.2.player.bzsg_3,inequality_research_survey.2.player.bzsg_4,inequality_research_survey.2.player.bzsg_5,inequality_research_survey.2.player.bzsg_6,inequality_research_survey.2.player.bzsg_7,inequality_research_survey.2.player.bzsg_8,inequality_research_survey.2.player.redistribution_1,inequality_research_survey.2.player.redistribution_2,inequality_research_survey.2.player.redistribution_3,inequality_research_survey.2.player.redistribution_4,inequality_research_survey.2.player.undefined_question_1,inequality_research_survey.2.player.undefined_question_2,inequality_research_survey.2.player.undefined_question_3,inequality_research_survey.2.player.undefined_question_4,inequality_research_survey.2.player.zsg_question_1,inequality_research_survey.2.player.zsg_question_2,inequality_research_survey.2.player.zsg_question_3,inequality_research_survey.2.player.zsg_question_4,inequality_research_survey.2.player.nzsg_question_1,inequality_research_survey.2.player.nzsg_question_2,inequality_research_survey.2.player.nzsg_question_3,inequality_research_survey.2.player.nzsg_question_4,inequality_research_survey.2.player.feedback,inequality_research_survey.2.player.payoff,inequality_research_survey.2.group.id_in_subsession,inequality_research_survey.2.subsession.round_number
1,fjd3677t,,0,0,14,,,,0,,,0,0.00,4gtk3jrg,,,,,,1,0.00,1.0,1,treatment_1,,,,,,,,,,,,,,,,,,,,,,,,,,,,,,,,0,1,1,1,treatment_1,,,,,,,,,,,,,,,,,,,,,,,,,,,,,,,,0,1,2
2,sd8468gi,,0,0,14,,,,0,,,0,0.00,4gtk3jrg,,,,,,1,0.00,1.0,2,treatment_2,,,,,,,,,,,,,,,,,,,,,,,,,,,,,,,,0,1,1,2,treatment_2,,,,,,,,,,,,,,,,,,,,,,,,,,,,,,,,0,1,2
3,qm118rdu,,0,0,14,,,,0,,,0,0.00,4gtk3jrg,,,,,,1,0.00,1.0,3,treatment_3,,,,,,,,,,,,,,,,,,,,,,,,,,,,,,,,0,1,1,3,treatment_3,,,,,,,,,,,,,,,,,,,,,,,,,,,,,,,,0,1,2
4,zpxsxswk,,0,0,14,,,,0,,,0,0.00,4gtk3jrg,,,,,,1,0.00,1.0,4,treatment_4,,,,,,,,,,,,,,,,,,,,,,,,,,,,,,,,0,1,1,4,treatment_4,,,,,,,,,,,,,,,,,,,,,,,,,,,,,,,,0,1,2
5,fhyn2itb,,0,0,14,,,,0,,,0,0.00,4gtk3jrg,,,,,,1,0.00,1.0,5,treatment_5,,,,,,,,,,,,,,,,,,,,,,,,,,,,,,,,0,1,1,5,treatment_5,,,,,,,,,,,,,,,,,,,,,,,,,,,,,,,,0,1,2
6,kyynvtim,,0,0,14,,,,0,,,0,0.00,4gtk3jrg,,,,,,1,0.00,1.0,6,treatment_6,,,,,,,,,,,,,,,,,,,,,,,,,,,,,,,,0,1,1,6,treatment_6,,,,,,,,,,,,,,,,,,,,,,,,,,,,,,,,0,1,2
1,dl8z3b0b,,0,0,14,,,,0,,,0,0.00,v9uhr310,,,,,,1,0.00,1.0,1,treatment_1,,,,,,,,,,,,,,,,,,,,,,,,,,,,,,,,0,1,1,1,treatment_1,,,,,,,,,,,,,,,,,,,,,,,,,,,,,,,,0,1,2
2,601bzipi,,0,0,14,,,,0,,,0,0.00,v9uhr310,,,,,,1,0.00,1.0,2,treatment_2,,,,,,,,,,,,,,,,,,,,,,,,,,,,,,,,0,1,1,2,treatment_2,,,,,,,,,,,,,,,,,,,,,,,,,,,,,,,,0,1,2
3,ui5zjqfz,,0,0,14,,,,0,,,0,0.00,v9uhr310,,,,,,1,0.00,1.0,3,treatment_3,,,,,,,,,,,,,,,,,,,,,,,,,,,,,,,,0,1,1,3,treatment_3,,,,,,,,,,,,,,,,,,,,,,,,,,,,,,,,0,1,2
4,hj3ygwbk,,0,0,14,,,,0,,,0,0.00,v9uhr310,,,,,,1,0.00,1.0,4,treatment_4,,,,,,,,,,,,,,,,,,,,,,,,,,,,,,,,0,1,1,4,treatment_4,,,,,,,,,,,,,,,,,,,,,,,,,,,,,,,,0,1,2
5,wwazwqij,,0,0,14,,,,0,,,0,0.00,v9uhr310,,,,,,1,0.00,1.0,5,treatment_5,,,,,,,,,,,,,,,,,,,,,,,,,,,,,,,,0,1,1,5,treatment_5,,,,,,,,,,,,,,,,,,,,,,,,,,,,,,,,0,1,2
6,mumy2j7x,,0,0,14,,,,0,,,0,0.00,v9uhr310,,,,,,1,0.00,1.0,6,treatment_6,,,,,,,,,,,,,,,,,,,,,,,,,,,,,,,,0,1,1,6,treatment_6,,,,,,,,,,,,,,,,,,,,,,,,,,,,,,,,0,1,2
1,zgg50ckd,,0,14,14,inequality_research_survey,ExitPage,2019-12-09 17:02:56.008219+00:00,1,,,0,0.00,2b27hhvr,,,,,,0,0.00,1.0,1,treatment_1,1,20,1,3,13,7,6,5,2,4,4,6,7,6,7,7,3,5,1,0,0,0,1,0,0,0,1,0,0,0,,0,1,1,1,treatment_1,,,,,,,,,,,,,,,,,,,,,,,,,,,,,,,,0,1,2
2,dzci7c37,,0,14,14,inequality_research_survey,ExitPage,2019-12-10 07:05:42.848307+00:00,1,,,0,0.00,2b27hhvr,,,,,,0,0.00,1.0,2,treatment_2,2,55,1,2,7,7,,,,,,,,,,,,,5,0,0,0,5,0,0,0,5,0,0,0,,0,1,1,2,treatment_2,,,,,,,2,6,4,3,3,4,3,5,4,5,2,3,,,,,,,,,,,,,,0,1,2
3,66rrucyn,,0,14,14,inequality_research_survey,ExitPage,2019-12-10 07:10:03.455309+00:00,1,,,0,0.00,2b27hhvr,,,,,,0,0.00,1.0,3,treatment_3,2,34,3,1,12,1,6,1,2,5,2,2,2,2,4,4,3,3,3,1,15,0,2,0,0,0,2,1,100,0,,0,1,1,3,treatment_3,,,,,,,,,,,,,,,,,,,,,,,,,,,,,,,,0,1,2
4,i19chifi,,0,14,14,inequality_research_survey,ExitPage,2019-12-10 07:11:38.701599+00:00,1,,,0,0.00,2b27hhvr,,,,,,0,0.00,1.0,4,treatment_4,1,47,1,1,12,6,,,,,,,,,,,,,4,1,25,25,3,0,0,0,2,0,0,0,,0,1,1,4,treatment_4,,,,,,,1,1,1,4,1,1,1,6,6,5,7,1,,,,,,,,,,,,,,0,1,2
5,28kc1jl8,,0,14,14,inequality_research_survey,ExitPage,2019-12-10 07:18:14.080696+00:00,1,,,0,0.00,2b27hhvr,,,,,,0,0.00,1.0,5,treatment_5,1,50,1,1,8,1,2,4,2,2,2,3,1,6,3,6,5,6,2,1,14,14,3,1,225,220,2,0,0,0,,0,1,1,5,treatment_5,,,,,,,,,,,,,,,,,,,,,,,,,,,,,,,,0,1,2
6,fs63pram,,0,5,14,inequality_research_survey,Vignette_2,2019-12-10 07:19:18.837458+00:00,1,,,0,0.00,2b27hhvr,,,,,,0,0.00,1.0,6,treatment_6,1,55,1,4,7,5,,,,,,,,,,,,,1,1,8,11,,,,,,,,,,0,1,1,6,treatment_6,,,,,,,,,,,,,,,,,,,,,,,,,,,,,,,,0,1,2
7,tfbs906r,,0,14,14,inequality_research_survey,ExitPage,2019-12-10 07:25:13.912407+00:00,1,,,0,0.00,2b27hhvr,,,,,,0,0.00,1.0,1,treatment_1,1,29,3,1,9,6,2,3,2,7,5,7,2,3,3,1,2,3,4,0,0,0,3,0,0,0,1,0,0,0,,0,2,1,1,treatment_1,,,,,,,,,,,,,,,,,,,,,,,,,,,,,,,,0,2,2
8,ur08xati,,0,14,14,inequality_research_survey,ExitPage,2019-12-10 07:23:37.463153+00:00,1,,,0,0.00,2b27hhvr,,,,,,0,0.00,1.0,2,treatment_2,1,47,1,1,12,6,,,,,,,,,,,,,3,0,0,0,3,0,0,0,2,0,0,0,,0,2,1,2,treatment_2,,,,,,,2,2,1,1,1,2,1,3,6,3,1,6,,,,,,,,,,,,,,0,2,2
9,e003ps2r,,0,14,14,inequality_research_survey,ExitPage,2019-12-10 07:35:51.142785+00:00,1,,,0,0.00,2b27hhvr,,,,,,0,0.00,1.0,3,treatment_3,1,51,1,1,12,6,4,7,4,1,4,4,5,7,7,7,7,1,4,0,0,0,2,0,0,0,2,0,0,0,,0,2,1,3,treatment_3,,,,,,,,,,,,,,,,,,,,,,,,,,,,,,,,0,2,2
10,a8fn7ybt,,0,14,14,inequality_research_survey,ExitPage,2019-12-10 07:30:18.573816+00:00,1,,,0,0.00,2b27hhvr,,,,,,0,0.00,1.0,4,treatment_4,1,29,1,1,8,6,,,,,,,,,,,,,3,1,10,0,2,0,0,0,1,0,0,0,,0,2,1,4,treatment_4,,,,,,,4,5,5,3,4,3,1,6,7,5,7,1,,,,,,,,,,,,,,0,2,2
11,h8ayl0pj,,0,14,14,inequality_research_survey,ExitPage,2019-12-10 07:41:57.871007+00:00,1,,,0,0.00,2b27hhvr,,,,,,0,0.00,1.0,5,treatment_5,2,34,1,2,5,6,2,4,3,4,7,4,1,3,5,4,5,1,5,1,12,0,5,0,0,0,5,0,0,0,,0,2,1,5,treatment_5,,,,,,,,,,,,,,,,,,,,,,,,,,,,,,,,0,2,2
12,903wawkq,,0,14,14,inequality_research_survey,ExitPage,2019-12-10 07:36:13.122650+00:00,1,,,0,0.00,2b27hhvr,,,,,,0,0.00,1.0,6,treatment_6,2,30,1,1,13,6,,,,,,,,,,,,,4,0,0,0,3,0,0,0,2,0,0,0,,0,2,1,6,treatment_6,,,,,,,1,2,1,5,1,2,1,6,6,4,4,4,,,,,,,,,,,,,,0,2,2
13,90muiqlp,,0,14,14,inequality_research_survey,ExitPage,2019-12-10 07:47:31.708418+00:00,1,,,0,0.00,2b27hhvr,,,,,,0,0.00,1.0,1,treatment_1,1,52,1,1,8,6,2,7,5,6,2,6,1,6,6,2,6,1,6,1,395,419,4,1,19,9,3,0,0,0,,0,3,1,1,treatment_1,,,,,,,,,,,,,,,,,,,,,,,,,,,,,,,,0,3,2
14,c16m4uqb,,0,14,14,inequality_research_survey,ExitPage,2019-12-10 07:46:23.053398+00:00,1,,,0,0.00,2b27hhvr,,,,,,0,0.00,1.0,2,treatment_2,2,55,1,1,4,6,,,,,,,,,,,,,6,1,218,101,3,0,0,0,5,0,0,0,,0,3,1,2,treatment_2,,,,,,,1,6,1,2,2,2,1,6,7,6,6,1,,,,,,,,,,,,,,0,3,2
15,4d7bjbd8,,0,14,14,inequality_research_survey,ExitPage,2019-12-10 08:24:23.313937+00:00,1,,,0,0.00,2b27hhvr,,,,,,0,0.00,1.0,3,treatment_3,2,21,1,3,13,7,1,3,4,3,3,5,2,5,5,7,4,7,5,0,0,0,6,0,0,0,2,0,0,0,,0,3,1,3,treatment_3,,,,,,,,,,,,,,,,,,,,,,,,,,,,,,,,0,3,2
16,24h1zz4u,,0,14,14,inequality_research_survey,ExitPage,2019-12-10 08:20:11.334246+00:00,1,,,0,0.00,2b27hhvr,,,,,,0,0.00,1.0,4,treatment_4,2,20,1,1,13,6,,,,,,,,,,,,,2,0,0,0,5,1,7,7,5,1,407,400,,0,3,1,4,treatment_4,,,,,,,6,5,5,6,6,6,1,2,1,7,7,1,,,,,,,,,,,,,,0,3,2
17,8gm86zi8,,0,14,14,inequality_research_survey,ExitPage,2019-12-10 08:29:36.225939+00:00,1,,,0,0.00,2b27hhvr,,,,,,0,0.00,1.0,5,treatment_5,2,29,1,1,12,6,3,2,3,4,1,2,1,5,6,6,3,2,5,1,13,14,6,1,238,157,3,1,15,7,,0,3,1,5,treatment_5,,,,,,,,,,,,,,,,,,,,,,,,,,,,,,,,0,3,2
18,f4mxc6l4,,0,14,14,inequality_research_survey,ExitPage,2019-12-10 08:26:01.247616+00:00,1,,,0,0.00,2b27hhvr,,,,,,0,0.00,1.0,6,treatment_6,2,27,1,1,9,5,,,,,,,,,,,,,2,1,13,20,3,1,303,0,1,0,0,0,,0,3,1,6,treatment_6,,,,,,,2,5,2,4,1,6,1,7,7,7,5,4,,,,,,,,,,,,,,0,3,2
19,ys0de0k5,,0,14,14,inequality_research_survey,ExitPage,2019-12-10 08:38:02.567568+00:00,1,,,0,0.00,2b27hhvr,,,,,,0,0.00,1.0,1,treatment_1,2,23,1,3,13,7,5,2,3,7,2,4,1,6,4,7,7,5,6,0,0,0,1,0,0,0,1,0,0,0,,0,4,1,1,treatment_1,,,,,,,,,,,,,,,,,,,,,,,,,,,,,,,,0,4,2
20,17z6bste,,0,14,14,inequality_research_survey,ExitPage,2019-12-10 08:32:51.595309+00:00,1,,,0,0.00,2b27hhvr,,,,,,0,0.00,1.0,2,treatment_2,2,24,1,3,13,7,,,,,,,,,,,,,4,1,252,151,2,0,0,0,2,0,0,0,,0,4,1,2,treatment_2,,,,,,,2,5,5,6,1,5,1,6,6,7,7,5,,,,,,,,,,,,,,0,4,2
21,w4g56wks,,0,14,14,inequality_research_survey,ExitPage,2019-12-10 08:43:33.821532+00:00,1,,,0,0.00,2b27hhvr,,,,,,0,0.00,1.0,3,treatment_3,1,32,2,1,11,4,1,1,2,1,1,6,3,3,1,2,7,3,1,0,0,0,1,0,0,0,1,0,0,0,,0,4,1,3,treatment_3,,,,,,,,,,,,,,,,,,,,,,,,,,,,,,,,0,4,2
22,x3khxkfx,,0,14,14,inequality_research_survey,ExitPage,2019-12-10 08:41:25.674388+00:00,1,,,0,0.00,2b27hhvr,,,,,,0,0.00,1.0,4,treatment_4,1,40,2,1,11,6,,,,,,,,,,,,,2,0,0,0,2,0,0,0,2,0,0,0,,0,4,1,4,treatment_4,,,,,,,5,5,4,5,4,4,4,4,4,4,4,4,,,,,,,,,,,,,,0,4,2
23,kjrh2x38,,0,14,14,inequality_research_survey,ExitPage,2019-12-11 08:12:10.166852+00:00,1,,,0,0.00,2b27hhvr,,,,,,0,0.00,1.0,5,treatment_5,1,33,1,1,10,6,5,6,6,3,2,2,1,7,6,4,7,1,5,1,10,10,5,1,400,400,5,1,25,25,,0,4,1,5,treatment_5,,,,,,,,,,,,,,,,,,,,,,,,,,,,,,,,0,4,2
24,1d9s531o,,0,14,14,inequality_research_survey,ExitPage,2019-12-10 08:46:06.217958+00:00,1,,,0,0.00,2b27hhvr,,,,,,0,0.00,1.0,6,treatment_6,1,44,1,1,12,6,,,,,,,,,,,,,6,0,0,0,6,0,0,0,3,1,10,10,,0,4,1,6,treatment_6,,,,,,,1,5,1,2,2,6,1,6,5,5,3,3,,,,,,,,,,,,,,0,4,2
25,bntexftu,,0,14,14,inequality_research_survey,ExitPage,2019-12-11 08:12:29.409480+00:00,1,,,0,0.00,2b27hhvr,,,,,,0,0.00,1.0,1,treatment_1,1,49,1,1,9,6,2,2,1,2,1,2,1,3,2,2,2,2,4,0,0,0,1,0,0,0,2,0,0,0,,0,5,1,1,treatment_1,,,,,,,,,,,,,,,,,,,,,,,,,,,,,,,,0,5,2
26,wlc4wvo3,,0,14,14,inequality_research_survey,ExitPage,2019-12-11 08:12:59.708279+00:00,1,,,0,0.00,2b27hhvr,,,,,,0,0.00,1.0,2,treatment_2,1,47,1,1,5,6,,,,,,,,,,,,,4,0,0,0,1,0,0,0,1,0,0,0,,0,5,1,2,treatment_2,,,,,,,4,1,1,4,1,1,1,6,2,6,2,7,,,,,,,,,,,,,,0,5,2
27,u7r4u7g7,,0,5,14,inequality_research_survey,Vignette_2,2019-12-11 08:15:53.489122+00:00,1,,,0,0.00,2b27hhvr,,,,,,0,0.00,1.0,3,treatment_3,1,33,1,1,10,6,1,1,1,2,1,1,1,5,5,3,6,1,5,1,20,15,,,,,,,,,,0,5,1,3,treatment_3,,,,,,,,,,,,,,,,,,,,,,,,,,,,,,,,0,5,2
28,2phq8ftb,,0,14,14,inequality_research_survey,ExitPage,2019-12-11 08:23:08.743944+00:00,1,,,0,0.00,2b27hhvr,,,,,,0,0.00,1.0,4,treatment_4,1,28,1,2,13,6,,,,,,,,,,,,,5,1,25,25,6,1,10,10,6,1,399,399,,0,5,1,4,treatment_4,,,,,,,5,6,7,6,6,6,2,7,7,4,7,1,,,,,,,,,,,,,,0,5,2
29,auve4qc4,,0,14,14,inequality_research_survey,ExitPage,2019-12-11 08:23:58.362416+00:00,1,,,0,0.00,2b27hhvr,,,,,,0,0.00,1.0,5,treatment_5,2,52,1,1,12,7,1,6,4,2,2,6,1,2,6,5,4,2,4,0,0,0,4,0,0,0,4,0,0,0,,0,5,1,5,treatment_5,,,,,,,,,,,,,,,,,,,,,,,,,,,,,,,,0,5,2
30,xv0l7c6z,,0,10,14,inequality_research_survey,Beliefs,2019-12-11 08:25:43.974675+00:00,1,,,0,0.00,2b27hhvr,,,,,,0,0.00,1.0,6,treatment_6,2,59,1,1,12,5,,,,,,,,,,,,,5,1,10,10,6,1,397,392,6,1,25,27,,0,5,1,6,treatment_6,,,,,,,,,,,,,,,,,,,,,,,,,,,,,,,,0,5,2
31,i8gmq8yt,,0,5,14,inequality_research_survey,Vignette_2,2019-12-11 08:27:24.065839+00:00,1,,,0,0.00,2b27hhvr,,,,,,0,0.00,1.0,1,treatment_1,1,50,1,1,7,6,1,5,4,5,1,5,1,6,6,5,7,1,5,1,318,186,,,,,,,,,,0,6,1,1,treatment_1,,,,,,,,,,,,,,,,,,,,,,,,,,,,,,,,0,6,2
32,oihi5w9m,,0,14,14,inequality_research_survey,ExitPage,2019-12-11 08:29:28.016605+00:00,1,,,0,0.00,2b27hhvr,,,,,,0,0.00,1.0,2,treatment_2,2,34,2,1,9,5,,,,,,,,,,,,,5,1,301,148,2,1,5,0,6,1,9,15,,0,6,1,2,treatment_2,,,,,,,1,7,2,3,1,7,1,7,7,7,6,1,,,,,,,,,,,,,,0,6,2
33,f88ixj91,,0,14,14,inequality_research_survey,ExitPage,2019-12-11 08:35:19.649813+00:00,1,,,0,0.00,2b27hhvr,,,,,,0,0.00,1.0,3,treatment_3,1,39,1,1,11,7,1,7,2,2,2,7,1,7,7,7,7,3,4,0,0,0,7,0,0,0,3,0,0,0,,0,6,1,3,treatment_3,,,,,,,,,,,,,,,,,,,,,,,,,,,,,,,,0,6,2
34,7juf4wig,,0,14,14,inequality_research_survey,ExitPage,2019-12-11 08:35:54.389799+00:00,1,,,0,0.00,2b27hhvr,,,,,,0,0.00,1.0,4,treatment_4,2,55,1,1,10,1,,,,,,,,,,,,,3,0,0,0,3,0,0,0,3,1,93,0,,0,6,1,4,treatment_4,,,,,,,1,4,1,5,1,2,1,6,7,5,3,1,,,,,,,,,,,,,,0,6,2
35,pm04b9co,,0,14,14,inequality_research_survey,ExitPage,2019-12-11 08:36:47.417306+00:00,1,,,0,0.00,2b27hhvr,,,,,,0,0.00,1.0,5,treatment_5,2,51,1,1,10,1,2,1,2,2,2,2,2,3,3,2,3,3,3,1,17,20,4,0,0,0,2,0,0,0,,0,6,1,5,treatment_5,,,,,,,,,,,,,,,,,,,,,,,,,,,,,,,,0,6,2
36,s5mw54ie,,0,14,14,inequality_research_survey,ExitPage,2019-12-11 08:44:12.668345+00:00,1,,,0,0.00,2b27hhvr,,,,,,0,0.00,1.0,6,treatment_6,2,24,1,1,10,6,,,,,,,,,,,,,3,0,0,0,5,1,200,0,1,0,0,0,,0,6,1,6,treatment_6,,,,,,,1,4,5,5,3,1,1,6,5,7,7,3,,,,,,,,,,,,,,0,6,2
37,16y4y35t,,0,14,14,inequality_research_survey,ExitPage,2019-12-11 08:46:13.182469+00:00,1,,,0,0.00,2b27hhvr,,,,,,0,0.00,1.0,1,treatment_1,2,18,3,5,11,8,1,1,7,7,1,1,1,7,7,7,1,7,1,1,0,0,1,0,0,0,2,0,0,0,,0,7,1,1,treatment_1,,,,,,,,,,,,,,,,,,,,,,,,,,,,,,,,0,7,2
38,4qujwmta,,0,2,14,inequality_research_survey,DemographicQuestions,2019-12-11 08:51:42.752658+00:00,1,,,0,0.00,2b27hhvr,,,,,,0,0.00,1.0,2,treatment_2,,,,,,,,,,,,,,,,,,,,,,,,,,,,,,,,0,7,1,2,treatment_2,,,,,,,,,,,,,,,,,,,,,,,,,,,,,,,,0,7,2
39,3w9l8wwm,,0,14,14,inequality_research_survey,ExitPage,2019-12-11 08:52:30.772664+00:00,1,,,0,0.00,2b27hhvr,,,,,,0,0.00,1.0,3,treatment_3,2,58,1,3,12,6,2,4,4,4,2,5,2,5,7,6,5,1,2,0,0,0,3,0,0,0,5,1,292,101,,0,7,1,3,treatment_3,,,,,,,,,,,,,,,,,,,,,,,,,,,,,,,,0,7,2
40,869lbuen,,0,14,14,inequality_research_survey,ExitPage,2019-12-11 09:10:39.752490+00:00,1,,,0,0.00,2b27hhvr,,,,,,0,0.00,1.0,4,treatment_4,2,44,1,1,11,5,,,,,,,,,,,,,4,0,0,0,4,0,0,0,4,0,0,0,,0,7,1,4,treatment_4,,,,,,,3,7,4,6,2,6,1,6,6,6,5,1,,,,,,,,,,,,,,0,7,2
41,pj40a0x4,,0,14,14,inequality_research_survey,ExitPage,2019-12-11 09:12:49.517219+00:00,1,,,0,0.00,2b27hhvr,,,,,,0,0.00,1.0,5,treatment_5,1,63,1,1,11,5,4,7,7,7,7,3,1,7,7,6,6,2,5,1,10,12,5,1,403,321,3,0,0,0,,0,7,1,5,treatment_5,,,,,,,,,,,,,,,,,,,,,,,,,,,,,,,,0,7,2
42,il4z5vei,,0,14,14,inequality_research_survey,ExitPage,2019-12-11 09:14:34.506105+00:00,1,,,0,0.00,2b27hhvr,,,,,,0,0.00,1.0,6,treatment_6,1,23,1,3,13,4,,,,,,,,,,,,,2,1,9,15,2,1,296,184,2,1,14,9,,0,7,1,6,treatment_6,,,,,,,5,1,1,7,1,2,1,5,7,7,4,2,,,,,,,,,,,,,,0,7,2
43,ez7whe88,,0,14,14,inequality_research_survey,ExitPage,2019-12-11 09:19:36.580367+00:00,1,,,0,0.00,2b27hhvr,,,,,,0,0.00,1.0,1,treatment_1,2,30,1,1,11,1,2,5,4,6,2,5,1,6,6,7,5,1,3,1,193,610,3,0,0,0,3,0,0,0,,0,8,1,1,treatment_1,,,,,,,,,,,,,,,,,,,,,,,,,,,,,,,,0,8,2
44,sebakf68,,0,14,14,inequality_research_survey,ExitPage,2019-12-11 09:24:11.520936+00:00,1,,,0,0.00,2b27hhvr,,,,,,0,0.00,1.0,2,treatment_2,2,23,1,1,13,6,,,,,,,,,,,,,3,0,0,0,2,0,0,0,2,0,0,0,,0,8,1,2,treatment_2,,,,,,,4,5,4,5,4,6,3,5,6,7,6,1,,,,,,,,,,,,,,0,8,2
45,mokkjrk6,,0,14,14,inequality_research_survey,ExitPage,2019-12-11 09:27:10.779507+00:00,1,,,0,0.00,2b27hhvr,,,,,,0,0.00,1.0,3,treatment_3,1,59,1,4,12,7,1,4,4,2,2,4,1,4,6,5,1,2,2,0,0,0,1,0,0,0,1,0,0,0,,0,8,1,3,treatment_3,,,,,,,,,,,,,,,,,,,,,,,,,,,,,,,,0,8,2
46,05egfq2e,,0,14,14,inequality_research_survey,ExitPage,2019-12-11 09:29:31.083100+00:00,1,,,0,0.00,2b27hhvr,,,,,,0,0.00,1.0,4,treatment_4,1,47,1,2,12,7,,,,,,,,,,,,,4,0,0,0,4,0,0,0,4,0,0,0,,0,8,1,4,treatment_4,,,,,,,5,5,5,5,5,5,5,5,5,5,5,5,,,,,,,,,,,,,,0,8,2
47,6y169y8o,,0,14,14,inequality_research_survey,ExitPage,2019-12-11 09:30:42.217370+00:00,1,,,0,0.00,2b27hhvr,,,,,,0,0.00,1.0,5,treatment_5,1,19,1,3,13,6,6,6,6,5,5,6,2,6,5,7,3,3,2,0,0,0,2,0,0,0,2,0,0,0,,0,8,1,5,treatment_5,,,,,,,,,,,,,,,,,,,,,,,,,,,,,,,,0,8,2
48,s94tsz4x,,0,14,14,inequality_research_survey,ExitPage,2019-12-11 09:32:29.672203+00:00,1,,,0,0.00,2b27hhvr,,,,,,0,0.00,1.0,6,treatment_6,1,62,1,4,2,1,,,,,,,,,,,,,3,0,0,0,2,0,0,0,2,0,0,0,,0,8,1,6,treatment_6,,,,,,,1,4,4,4,3,2,3,3,4,5,1,4,,,,,,,,,,,,,,0,8,2
49,69nd2ku7,,0,14,14,inequality_research_survey,ExitPage,2019-12-11 09:37:33.006395+00:00,1,,,0,0.00,2b27hhvr,,,,,,0,0.00,1.0,1,treatment_1,1,72,1,2,14,2,2,4,3,5,3,2,3,2,3,3,2,2,3,1,292,211,4,0,0,0,4,0,0,0,,0,9,1,1,treatment_1,,,,,,,,,,,,,,,,,,,,,,,,,,,,,,,,0,9,2
50,ezi4p72y,,0,14,14,inequality_research_survey,ExitPage,2019-12-11 09:38:20.561263+00:00,1,,,0,0.00,2b27hhvr,,,,,,0,0.00,1.0,2,treatment_2,2,57,1,1,7,1,,,,,,,,,,,,,6,1,316,200,5,1,10,5,3,0,0,0,,0,9,1,2,treatment_2,,,,,,,2,2,1,3,2,2,1,5,3,6,1,3,,,,,,,,,,,,,,0,9,2
51,dg1jh35b,,0,14,14,inequality_research_survey,ExitPage,2019-12-11 09:41:52.328815+00:00,1,,,0,0.00,2b27hhvr,,,,,,0,0.00,1.0,3,treatment_3,2,25,1,1,13,6,5,5,5,3,3,5,1,7,7,7,6,1,5,0,0,0,4,0,0,0,5,0,0,0,,0,9,1,3,treatment_3,,,,,,,,,,,,,,,,,,,,,,,,,,,,,,,,0,9,2
52,nmwjgjwd,,0,14,14,inequality_research_survey,ExitPage,2019-12-11 09:42:40.663532+00:00,1,,,0,0.00,2b27hhvr,,,,,,0,0.00,1.0,4,treatment_4,1,19,1,3,13,7,,,,,,,,,,,,,3,0,0,0,3,0,0,0,5,1,200,50,,0,9,1,4,treatment_4,,,,,,,2,7,3,2,2,3,2,5,6,5,5,2,,,,,,,,,,,,,,0,9,2
53,3e9304ui,,0,14,14,inequality_research_survey,ExitPage,2019-12-11 09:50:46.081465+00:00,1,,,0,0.00,2b27hhvr,,,,,,0,0.00,1.0,5,treatment_5,2,24,1,1,8,4,1,6,7,5,4,4,1,5,6,7,7,4,6,1,5,2,3,1,294,193,2,1,20,8,,0,9,1,5,treatment_5,,,,,,,,,,,,,,,,,,,,,,,,,,,,,,,,0,9,2
54,n2momwj6,,0,14,14,inequality_research_survey,ExitPage,2019-12-11 09:51:22.312558+00:00,1,,,0,0.00,2b27hhvr,,,,,,0,0.00,1.0,6,treatment_6,1,26,1,1,12,4,,,,,,,,,,,,,4,1,8,0,2,0,0,0,2,0,0,0,,0,9,1,6,treatment_6,,,,,,,1,3,3,4,2,1,1,3,7,6,4,2,,,,,,,,,,,,,,0,9,2
55,4kp6nka6,,0,14,14,inequality_research_survey,ExitPage,2019-12-13 08:10:20.436583+00:00,1,,,0,0.00,2b27hhvr,,,,,,0,0.00,1.0,1,treatment_1,1,55,1,2,8,4,1,3,2,2,2,2,1,1,2,2,2,5,3,0,0,0,3,0,0,0,3,0,0,0,,0,10,1,1,treatment_1,,,,,,,,,,,,,,,,,,,,,,,,,,,,,,,,0,10,2
56,59bgktco,,0,14,14,inequality_research_survey,ExitPage,2019-12-13 08:10:24.337656+00:00,1,,,0,0.00,2b27hhvr,,,,,,0,0.00,1.0,2,treatment_2,1,25,1,1,8,5,,,,,,,,,,,,,3,1,320,200,4,0,0,0,4,0,0,0,,0,10,1,2,treatment_2,,,,,,,1,1,1,1,1,4,1,5,7,7,7,4,,,,,,,,,,,,,,0,10,2
57,x39y09zo,,0,14,14,inequality_research_survey,ExitPage,2019-12-13 08:18:10.273177+00:00,1,,,0,0.00,2b27hhvr,,,,,,0,0.00,1.0,3,treatment_3,2,26,1,1,13,5,2,4,2,2,2,4,1,4,5,5,5,1,4,0,0,0,5,1,10,10,5,1,399,397,,0,10,1,3,treatment_3,,,,,,,,,,,,,,,,,,,,,,,,,,,,,,,,0,10,2
58,0sdor8f9,,0,14,14,inequality_research_survey,ExitPage,2019-12-13 08:19:14.636790+00:00,1,,,0,0.00,2b27hhvr,,,,,,0,0.00,1.0,4,treatment_4,2,25,1,3,13,1,,,,,,,,,,,,,3,1,18,15,2,0,0,0,3,1,203,0,,0,10,1,4,treatment_4,,,,,,,2,2,3,4,3,5,2,5,6,7,6,2,,,,,,,,,,,,,,0,10,2
59,vl2td7bw,,0,14,14,inequality_research_survey,ExitPage,2019-12-13 08:23:01.120800+00:00,1,,,0,0.00,2b27hhvr,,,,,,0,0.00,1.0,5,treatment_5,1,66,1,3,5,6,1,2,4,3,2,3,1,6,4,6,7,1,4,1,10,15,4,1,400,315,4,1,25,20,,0,10,1,5,treatment_5,,,,,,,,,,,,,,,,,,,,,,,,,,,,,,,,0,10,2
60,6zppddbl,,0,14,14,inequality_research_survey,ExitPage,2019-12-13 08:24:13.716638+00:00,1,,,0,0.00,2b27hhvr,,,,,,0,0.00,1.0,6,treatment_6,2,22,3,1,10,8,,,,,,,,,,,,,2,0,0,0,4,1,432,533,2,0,0,0,,0,10,1,6,treatment_6,,,,,,,5,2,5,5,3,3,5,4,4,5,4,5,,,,,,,,,,,,,,0,10,2
61,btft85mc,,0,14,14,inequality_research_survey,ExitPage,2019-12-13 08:27:52.471238+00:00,1,,,0,0.00,2b27hhvr,,,,,,0,0.00,1.0,1,treatment_1,2,47,2,1,1,6,2,2,3,5,3,3,1,4,7,7,7,5,2,0,0,0,2,0,0,0,3,1,15,17,,0,11,1,1,treatment_1,,,,,,,,,,,,,,,,,,,,,,,,,,,,,,,,0,11,2
62,a6vv5jj7,,0,14,14,inequality_research_survey,ExitPage,2019-12-13 08:28:16.537943+00:00,1,,,0,0.00,2b27hhvr,,,,,,0,0.00,1.0,2,treatment_2,1,40,1,2,12,6,,,,,,,,,,,,,5,0,0,0,5,0,0,0,5,0,0,0,,0,11,1,2,treatment_2,,,,,,,3,3,2,2,2,3,2,3,2,4,5,3,,,,,,,,,,,,,,0,11,2
63,9ami9257,,0,14,14,inequality_research_survey,ExitPage,2019-12-13 08:31:09.413196+00:00,1,,,0,0.00,2b27hhvr,,,,,,0,0.00,1.0,3,treatment_3,1,55,1,1,8,6,2,6,1,1,1,2,1,6,6,5,2,2,3,1,20,15,2,0,0,0,3,1,199,49,,0,11,1,3,treatment_3,,,,,,,,,,,,,,,,,,,,,,,,,,,,,,,,0,11,2
64,7ly33cte,,0,14,14,inequality_research_survey,ExitPage,2019-12-13 08:31:44.829150+00:00,1,,,0,0.00,2b27hhvr,,,,,,0,0.00,1.0,4,treatment_4,2,27,3,5,5,8,,,,,,,,,,,,,4,1,31,48,6,0,0,0,3,0,0,0,,0,11,1,4,treatment_4,,,,,,,3,3,4,4,4,4,4,3,4,4,3,3,,,,,,,,,,,,,,0,11,2
65,qrh9dsky,,0,14,14,inequality_research_survey,ExitPage,2019-12-13 08:36:05.323364+00:00,1,,,0,0.00,2b27hhvr,,,,,,0,0.00,1.0,5,treatment_5,2,29,1,1,8,7,2,4,3,5,3,5,1,6,6,6,7,4,5,1,5,2,2,0,0,0,2,0,0,0,,0,11,1,5,treatment_5,,,,,,,,,,,,,,,,,,,,,,,,,,,,,,,,0,11,2
66,f45kbvby,,0,14,14,inequality_research_survey,ExitPage,2019-12-13 08:37:39.596688+00:00,1,,,0,0.00,2b27hhvr,,,,,,0,0.00,1.0,6,treatment_6,1,21,3,3,15,8,,,,,,,,,,,,,7,0,0,0,1,0,0,0,1,0,0,0,,0,11,1,6,treatment_6,,,,,,,1,1,1,3,1,4,1,4,1,7,4,5,,,,,,,,,,,,,,0,11,2
67,rb27wp3f,,0,14,14,inequality_research_survey,ExitPage,2019-12-13 08:42:17.013955+00:00,1,,,0,0.00,2b27hhvr,,,,,,0,0.00,1.0,1,treatment_1,2,23,1,3,15,6,3,3,5,5,3,4,5,6,6,6,3,5,3,0,0,0,2,0,0,0,2,1,5,2,,0,12,1,1,treatment_1,,,,,,,,,,,,,,,,,,,,,,,,,,,,,,,,0,12,2
68,6o1wjhxb,,0,14,14,inequality_research_survey,ExitPage,2019-12-13 08:42:56.047235+00:00,1,,,0,0.00,2b27hhvr,,,,,,0,0.00,1.0,2,treatment_2,1,24,1,3,15,6,,,,,,,,,,,,,5,1,342,179,2,0,0,0,2,0,0,0,,0,12,1,2,treatment_2,,,,,,,2,3,2,4,3,3,3,3,4,1,4,6,,,,,,,,,,,,,,0,12,2
69,5whi4dsg,,0,14,14,inequality_research_survey,ExitPage,2019-12-13 08:43:37.175214+00:00,1,,,0,0.00,2b27hhvr,,,,,,0,0.00,1.0,3,treatment_3,1,30,3,1,8,4,4,5,6,6,5,5,5,5,7,6,7,3,2,0,0,0,2,0,0,0,2,0,0,0,,0,12,1,3,treatment_3,,,,,,,,,,,,,,,,,,,,,,,,,,,,,,,,0,12,2
70,191hesv1,,0,14,14,inequality_research_survey,ExitPage,2019-12-13 08:47:38.197928+00:00,1,,,0,0.00,2b27hhvr,,,,,,0,0.00,1.0,4,treatment_4,2,22,1,1,7,6,,,,,,,,,,,,,6,1,25,24,6,1,4,12,4,0,0,0,,0,12,1,4,treatment_4,,,,,,,2,6,1,5,2,1,1,1,7,7,7,7,,,,,,,,,,,,,,0,12,2
71,lgqer3iv,,0,14,14,inequality_research_survey,ExitPage,2019-12-13 08:48:34.333387+00:00,1,,,0,0.00,2b27hhvr,,,,,,0,0.00,1.0,5,treatment_5,1,32,1,1,9,6,5,4,1,1,1,5,1,6,6,7,7,1,4,1,10,10,4,1,399,397,3,0,0,0,,0,12,1,5,treatment_5,,,,,,,,,,,,,,,,,,,,,,,,,,,,,,,,0,12,2
72,mxcdjb6n,,0,14,14,inequality_research_survey,ExitPage,2019-12-13 08:48:59.719315+00:00,1,,,0,0.00,2b27hhvr,,,,,,0,0.00,1.0,6,treatment_6,2,34,1,1,12,2,,,,,,,,,,,,,4,0,0,0,2,0,0,0,2,0,0,0,,0,12,1,6,treatment_6,,,,,,,3,3,2,3,1,2,2,5,5,4,2,4,,,,,,,,,,,,,,0,12,2
73,ije37bw4,,0,14,14,inequality_research_survey,ExitPage,2019-12-13 08:52:33.471157+00:00,1,,,0,0.00,2b27hhvr,,,,,,0,0.00,1.0,1,treatment_1,3,30,1,1,11,6,5,7,3,4,1,5,1,6,6,7,7,1,4,0,0,0,5,0,0,0,4,0,0,0,,0,13,1,1,treatment_1,,,,,,,,,,,,,,,,,,,,,,,,,,,,,,,,0,13,2
74,lb9n2spv,,0,14,14,inequality_research_survey,ExitPage,2019-12-13 08:54:14.943402+00:00,1,,,0,0.00,2b27hhvr,,,,,,0,0.00,1.0,2,treatment_2,1,38,1,1,7,4,,,,,,,,,,,,,4,0,0,0,4,0,0,0,4,0,0,0,,0,13,1,2,treatment_2,,,,,,,1,1,2,2,1,2,2,2,6,2,1,3,,,,,,,,,,,,,,0,13,2
75,iw9kostt,,0,14,14,inequality_research_survey,ExitPage,2019-12-13 08:54:23.558333+00:00,1,,,0,0.00,2b27hhvr,,,,,,0,0.00,1.0,3,treatment_3,1,25,1,1,4,6,3,3,5,3,3,5,1,4,6,6,5,2,5,1,15,10,5,1,12,15,5,1,245,196,,0,13,1,3,treatment_3,,,,,,,,,,,,,,,,,,,,,,,,,,,,,,,,0,13,2
76,tk3ek442,,0,14,14,inequality_research_survey,ExitPage,2019-12-13 08:55:06.477638+00:00,1,,,0,0.00,2b27hhvr,,,,,,0,0.00,1.0,4,treatment_4,2,63,1,5,10,6,,,,,,,,,,,,,2,0,0,0,2,0,0,0,2,0,0,0,,0,13,1,4,treatment_4,,,,,,,1,1,1,3,3,3,1,5,3,7,4,1,,,,,,,,,,,,,,0,13,2
77,zh7adj5z,,0,14,14,inequality_research_survey,ExitPage,2019-12-13 08:54:35.719134+00:00,1,,,0,0.00,2b27hhvr,,,,,,0,0.00,1.0,5,treatment_5,1,29,1,1,11,7,3,6,2,3,2,6,1,6,4,4,6,2,1,0,0,0,2,0,0,0,6,1,25,25,,0,13,1,5,treatment_5,,,,,,,,,,,,,,,,,,,,,,,,,,,,,,,,0,13,2
78,x6huwih0,,0,14,14,inequality_research_survey,ExitPage,2019-12-13 08:56:57.591077+00:00,1,,,0,0.00,2b27hhvr,,,,,,0,0.00,1.0,6,treatment_6,1,25,1,1,11,6,,,,,,,,,,,,,6,1,10,10,6,1,395,401,6,1,25,25,,0,13,1,6,treatment_6,,,,,,,1,6,2,2,1,1,1,6,6,7,7,1,,,,,,,,,,,,,,0,13,2
79,56zxddru,,0,14,14,inequality_research_survey,ExitPage,2019-12-13 08:59:23.936878+00:00,1,,,0,0.00,2b27hhvr,,,,,,0,0.00,1.0,1,treatment_1,1,40,1,1,7,4,2,3,3,5,5,2,2,5,6,2,2,4,4,0,0,0,2,0,0,0,2,0,0,0,,0,14,1,1,treatment_1,,,,,,,,,,,,,,,,,,,,,,,,,,,,,,,,0,14,2
80,a9r21igc,,0,14,14,inequality_research_survey,ExitPage,2019-12-13 09:01:10.687572+00:00,1,,,0,0.00,2b27hhvr,,,,,,0,0.00,1.0,2,treatment_2,3,46,1,1,10,5,,,,,,,,,,,,,6,1,401,0,6,1,18,25,6,1,10,10,,0,14,1,2,treatment_2,,,,,,,1,7,7,1,4,7,1,7,7,3,7,1,,,,,,,,,,,,,,0,14,2
81,81bd9lny,,0,14,14,inequality_research_survey,ExitPage,2019-12-13 09:01:57.635683+00:00,1,,,0,0.00,2b27hhvr,,,,,,0,0.00,1.0,3,treatment_3,2,29,3,1,13,8,1,1,7,1,6,5,1,3,6,5,5,1,1,0,0,0,2,0,0,0,2,0,0,0,,0,14,1,3,treatment_3,,,,,,,,,,,,,,,,,,,,,,,,,,,,,,,,0,14,2
82,rchvlk9h,,0,14,14,inequality_research_survey,ExitPage,2019-12-13 09:07:24.516932+00:00,1,,,0,0.00,2b27hhvr,,,,,,0,0.00,1.0,4,treatment_4,2,20,3,3,11,8,,,,,,,,,,,,,2,0,0,0,2,0,0,0,2,1,0,0,,0,14,1,4,treatment_4,,,,,,,6,1,2,4,6,2,3,4,3,6,6,6,,,,,,,,,,,,,,0,14,2
83,d041bqpa,,0,14,14,inequality_research_survey,ExitPage,2019-12-13 09:07:35.894701+00:00,1,,,0,0.00,2b27hhvr,,,,,,0,0.00,1.0,5,treatment_5,2,60,1,1,14,2,6,3,5,2,1,4,1,5,7,3,7,1,6,1,10,10,3,0,0,0,7,1,25,29,,0,14,1,5,treatment_5,,,,,,,,,,,,,,,,,,,,,,,,,,,,,,,,0,14,2
84,cb0jut91,,0,14,14,inequality_research_survey,ExitPage,2019-12-13 09:11:49.899547+00:00,1,,,0,0.00,2b27hhvr,,,,,,0,0.00,1.0,6,treatment_6,2,44,3,1,5,1,,,,,,,,,,,,,3,1,0,0,3,1,386,412,3,0,0,0,,0,14,1,6,treatment_6,,,,,,,4,4,5,5,4,4,2,3,3,4,4,4,,,,,,,,,,,,,,0,14,2
85,27cyhdkp,,0,14,14,inequality_research_survey,ExitPage,2019-12-13 09:14:21.229785+00:00,1,,,0,0.00,2b27hhvr,,,,,,0,0.00,1.0,1,treatment_1,1,32,1,4,4,7,1,4,4,4,1,4,2,4,6,6,4,4,2,1,600,746,2,1,28,29,2,1,9,11,,0,15,1,1,treatment_1,,,,,,,,,,,,,,,,,,,,,,,,,,,,,,,,0,15,2
86,3w4qwuxx,,0,14,14,inequality_research_survey,ExitPage,2019-12-13 09:14:35.644520+00:00,1,,,0,0.00,2b27hhvr,,,,,,0,0.00,1.0,2,treatment_2,2,24,1,3,13,5,,,,,,,,,,,,,2,0,0,0,1,0,0,0,1,0,0,0,,0,15,1,2,treatment_2,,,,,,,1,5,5,3,5,5,1,7,7,4,7,1,,,,,,,,,,,,,,0,15,2
87,z06ykqk8,,0,14,14,inequality_research_survey,ExitPage,2019-12-13 09:44:59.770235+00:00,1,,,0,0.00,2b27hhvr,,,,,,0,0.00,1.0,3,treatment_3,2,55,1,4,2,2,4,6,4,2,1,6,3,6,6,6,6,5,3,0,0,0,4,0,0,0,5,1,427,117,,0,15,1,3,treatment_3,,,,,,,,,,,,,,,,,,,,,,,,,,,,,,,,0,15,2
88,6cbsiz8x,,0,14,14,inequality_research_survey,ExitPage,2019-12-13 09:45:09.176089+00:00,1,,,0,0.00,2b27hhvr,,,,,,0,0.00,1.0,4,treatment_4,1,70,1,2,5,2,,,,,,,,,,,,,2,0,0,0,1,0,0,0,1,0,0,0,,0,15,1,4,treatment_4,,,,,,,1,3,1,4,1,6,1,6,7,7,7,3,,,,,,,,,,,,,,0,15,2
89,y595ytyt,,0,14,14,inequality_research_survey,ExitPage,2019-12-13 09:45:35.036774+00:00,1,,,0,0.00,2b27hhvr,,,,,,0,0.00,1.0,5,treatment_5,2,51,1,2,4,6,1,1,2,3,1,2,1,2,2,7,6,3,4,0,0,0,4,1,177,457,4,0,0,0,,0,15,1,5,treatment_5,,,,,,,,,,,,,,,,,,,,,,,,,,,,,,,,0,15,2
90,5b7fsi44,,0,14,14,inequality_research_survey,ExitPage,2019-12-13 09:46:10.807710+00:00,1,,,0,0.00,2b27hhvr,,,,,,0,0.00,1.0,6,treatment_6,1,30,1,4,4,1,,,,,,,,,,,,,4,0,0,0,1,0,0,0,2,0,0,0,,0,15,1,6,treatment_6,,,,,,,5,7,4,4,1,1,5,7,4,7,5,3,,,,,,,,,,,,,,0,15,2
91,exouzibt,,0,14,14,inequality_research_survey,ExitPage,2019-12-13 09:51:02.853896+00:00,1,,,0,0.00,2b27hhvr,,,,,,0,0.00,1.0,1,treatment_1,2,53,1,1,10,6,5,6,5,4,5,6,1,5,7,5,5,3,2,0,0,0,4,0,0,0,1,0,0,0,,0,16,1,1,treatment_1,,,,,,,,,,,,,,,,,,,,,,,,,,,,,,,,0,16,2
92,69y2049s,,0,14,14,inequality_research_survey,ExitPage,2019-12-13 09:52:45.250406+00:00,1,,,0,0.00,2b27hhvr,,,,,,0,0.00,1.0,2,treatment_2,2,56,1,3,15,4,,,,,,,,,,,,,3,0,0,0,2,0,0,0,2,0,0,0,,0,16,1,2,treatment_2,,,,,,,3,3,2,3,2,3,1,4,3,3,4,3,,,,,,,,,,,,,,0,16,2
93,qbnghs06,,0,14,14,inequality_research_survey,ExitPage,2019-12-13 09:55:53.460553+00:00,1,,,0,0.00,2b27hhvr,,,,,,0,0.00,1.0,3,treatment_3,2,56,1,2,5,6,2,2,2,6,1,1,1,3,4,7,5,6,4,0,0,0,3,0,0,0,2,0,0,0,,0,16,1,3,treatment_3,,,,,,,,,,,,,,,,,,,,,,,,,,,,,,,,0,16,2
94,n2r14y1o,,0,14,14,inequality_research_survey,ExitPage,2019-12-13 09:57:07.312111+00:00,1,,,0,0.00,2b27hhvr,,,,,,0,0.00,1.0,4,treatment_4,2,58,1,4,5,1,,,,,,,,,,,,,4,0,0,0,1,0,0,0,2,0,0,0,,0,16,1,4,treatment_4,,,,,,,1,1,1,4,1,1,2,2,7,7,7,3,,,,,,,,,,,,,,0,16,2
95,l5h2pgnt,,0,14,14,inequality_research_survey,ExitPage,2019-12-13 09:57:51.383494+00:00,1,,,0,0.00,2b27hhvr,,,,,,0,0.00,1.0,5,treatment_5,1,36,3,2,2,8,1,1,7,7,4,1,1,7,7,7,7,7,4,0,0,0,4,0,0,0,4,0,0,0,,0,16,1,5,treatment_5,,,,,,,,,,,,,,,,,,,,,,,,,,,,,,,,0,16,2
96,i0hrotma,,0,14,14,inequality_research_survey,ExitPage,2019-12-13 09:58:56.843107+00:00,1,,,0,0.00,2b27hhvr,,,,,,0,0.00,1.0,6,treatment_6,1,37,3,1,9,6,,,,,,,,,,,,,2,0,0,0,2,0,0,0,2,0,0,0,,0,16,1,6,treatment_6,,,,,,,3,3,4,2,2,2,1,6,6,6,5,3,,,,,,,,,,,,,,0,16,2
97,v4aur408,,0,14,14,inequality_research_survey,ExitPage,2019-12-13 10:02:11.708228+00:00,1,,,0,0.00,2b27hhvr,,,,,,0,0.00,1.0,1,treatment_1,2,23,1,2,13,2,1,5,3,6,2,2,1,6,3,1,6,1,3,0,0,0,3,0,0,0,2,0,0,0,,0,17,1,1,treatment_1,,,,,,,,,,,,,,,,,,,,,,,,,,,,,,,,0,17,2
98,yreim27w,,0,14,14,inequality_research_survey,ExitPage,2019-12-13 10:03:37.221342+00:00,1,,,0,0.00,2b27hhvr,,,,,,0,0.00,1.0,2,treatment_2,2,21,1,3,10,2,,,,,,,,,,,,,5,0,0,0,4,0,0,0,4,0,0,0,,0,17,1,2,treatment_2,,,,,,,1,7,5,1,4,5,1,3,7,5,1,5,,,,,,,,,,,,,,0,17,2
99,mcgfv0ww,,0,14,14,inequality_research_survey,ExitPage,2019-12-13 10:05:52.569267+00:00,1,,,0,0.00,2b27hhvr,,,,,,0,0.00,1.0,3,treatment_3,2,23,1,3,13,5,2,6,3,4,3,5,1,7,5,7,7,1,5,1,13,0,2,0,0,0,3,0,0,0,,0,17,1,3,treatment_3,,,,,,,,,,,,,,,,,,,,,,,,,,,,,,,,0,17,2
100,jgks3c3u,,0,14,14,inequality_research_survey,ExitPage,2019-12-13 10:07:53.078003+00:00,1,,,0,0.00,2b27hhvr,,,,,,0,0.00,1.0,4,treatment_4,1,47,1,1,12,6,,,,,,,,,,,,,3,1,15,0,6,1,5,5,2,0,0,0,,0,17,1,4,treatment_4,,,,,,,2,4,4,6,4,4,2,6,6,4,4,2,,,,,,,,,,,,,,0,17,2
101,ekj0379j,,0,14,14,inequality_research_survey,ExitPage,2019-12-13 10:09:04.241164+00:00,1,,,0,0.00,2b27hhvr,,,,,,0,0.00,1.0,5,treatment_5,2,19,1,3,13,6,2,5,5,2,1,5,1,6,6,6,6,2,4,1,10,10,4,1,400,400,4,1,25,25,,0,17,1,5,treatment_5,,,,,,,,,,,,,,,,,,,,,,,,,,,,,,,,0,17,2
102,mxfb2isa,,0,14,14,inequality_research_survey,ExitPage,2019-12-13 10:09:39.017210+00:00,1,,,0,0.00,2b27hhvr,,,,,,0,0.00,1.0,6,treatment_6,2,28,1,1,8,6,,,,,,,,,,,,,7,0,0,0,4,0,0,0,4,0,0,0,,0,17,1,6,treatment_6,,,,,,,1,1,1,2,1,1,1,3,5,5,6,1,,,,,,,,,,,,,,0,17,2
103,171akzc9,,0,14,14,inequality_research_survey,ExitPage,2019-12-13 10:14:04.955431+00:00,1,,,0,0.00,2b27hhvr,,,,,,0,0.00,1.0,1,treatment_1,2,66,1,2,14,6,5,6,4,4,2,4,3,1,1,1,1,4,3,0,0,0,3,0,0,0,3,0,0,0,,0,18,1,1,treatment_1,,,,,,,,,,,,,,,,,,,,,,,,,,,,,,,,0,18,2
104,gqfsac78,,0,14,14,inequality_research_survey,ExitPage,2019-12-13 10:14:17.610447+00:00,1,,,0,0.00,2b27hhvr,,,,,,0,0.00,1.0,2,treatment_2,2,53,1,4,15,8,,,,,,,,,,,,,5,0,0,0,2,0,0,0,5,1,5,0,,0,18,1,2,treatment_2,,,,,,,5,3,7,4,5,7,2,5,5,7,7,5,,,,,,,,,,,,,,0,18,2
105,j0j1tdj5,,0,14,14,inequality_research_survey,ExitPage,2019-12-13 10:14:53.206046+00:00,1,,,0,0.00,2b27hhvr,,,,,,0,0.00,1.0,3,treatment_3,2,22,3,3,13,8,1,4,5,5,2,7,1,6,5,6,1,5,7,1,20,15,2,0,0,0,2,0,0,0,,0,18,1,3,treatment_3,,,,,,,,,,,,,,,,,,,,,,,,,,,,,,,,0,18,2
106,gk3kuowl,,0,14,14,inequality_research_survey,ExitPage,2019-12-13 10:16:30.119829+00:00,1,,,0,0.00,2b27hhvr,,,,,,0,0.00,1.0,4,treatment_4,1,20,1,3,13,6,,,,,,,,,,,,,2,0,0,0,2,0,0,0,2,0,0,0,,0,18,1,4,treatment_4,,,,,,,6,2,6,6,3,2,2,2,7,7,6,1,,,,,,,,,,,,,,0,18,2
107,f1yv3yj8,,0,14,14,inequality_research_survey,ExitPage,2019-12-13 10:19:53.293877+00:00,1,,,0,0.00,2b27hhvr,,,,,,0,0.00,1.0,5,treatment_5,1,21,1,3,13,2,6,5,6,7,6,5,1,5,4,5,5,5,2,0,0,0,2,0,0,0,2,0,0,0,,0,18,1,5,treatment_5,,,,,,,,,,,,,,,,,,,,,,,,,,,,,,,,0,18,2
108,9fchxbgy,,0,14,14,inequality_research_survey,ExitPage,2019-12-13 10:22:40.277642+00:00,1,,,0,0.00,2b27hhvr,,,,,,0,0.00,1.0,6,treatment_6,2,34,2,1,10,1,,,,,,,,,,,,,2,0,0,0,2,0,0,0,2,0,0,0,,0,18,1,6,treatment_6,,,,,,,2,5,6,6,2,5,3,5,2,7,2,2,,,,,,,,,,,,,,0,18,2
109,u3gahn35,,0,14,14,inequality_research_survey,ExitPage,2019-12-13 10:23:07.881993+00:00,1,,,0,0.00,2b27hhvr,,,,,,0,0.00,1.0,1,treatment_1,2,25,1,3,10,2,2,5,7,4,2,3,1,6,7,7,1,4,1,0,0,0,1,0,0,0,1,0,0,0,,0,19,1,1,treatment_1,,,,,,,,,,,,,,,,,,,,,,,,,,,,,,,,0,19,2
110,fx19m57p,,0,14,14,inequality_research_survey,ExitPage,2019-12-13 10:23:49.450737+00:00,1,,,0,0.00,2b27hhvr,,,,,,0,0.00,1.0,2,treatment_2,2,19,3,3,15,8,,,,,,,,,,,,,3,0,0,0,4,1,20,28,4,0,0,0,,0,19,1,2,treatment_2,,,,,,,5,4,3,7,2,5,2,7,2,5,5,4,,,,,,,,,,,,,,0,19,2
111,3fjs763s,,0,14,14,inequality_research_survey,ExitPage,2019-12-13 10:25:04.993750+00:00,1,,,0,0.00,2b27hhvr,,,,,,0,0.00,1.0,3,treatment_3,1,25,1,1,13,6,2,2,3,5,2,2,1,5,4,3,2,3,5,0,0,0,2,0,0,0,2,0,0,0,,0,19,1,3,treatment_3,,,,,,,,,,,,,,,,,,,,,,,,,,,,,,,,0,19,2
112,2t83jq2h,,0,14,14,inequality_research_survey,ExitPage,2019-12-13 10:28:50.804214+00:00,1,,,0,0.00,2b27hhvr,,,,,,0,0.00,1.0,4,treatment_4,2,56,1,4,14,6,,,,,,,,,,,,,3,0,0,0,2,0,0,0,5,1,301,180,,0,19,1,4,treatment_4,,,,,,,2,3,3,4,2,2,2,4,3,5,4,2,,,,,,,,,,,,,,0,19,2
113,ash3xtn0,,0,14,14,inequality_research_survey,ExitPage,2019-12-13 10:28:49.714788+00:00,1,,,0,0.00,2b27hhvr,,,,,,0,0.00,1.0,5,treatment_5,2,66,1,1,14,7,1,1,1,6,1,6,3,7,7,7,5,2,4,0,0,0,3,0,0,0,4,0,0,0,,0,19,1,5,treatment_5,,,,,,,,,,,,,,,,,,,,,,,,,,,,,,,,0,19,2
114,eg4nmevd,,0,14,14,inequality_research_survey,ExitPage,2019-12-13 10:30:14.344888+00:00,1,,,0,0.00,2b27hhvr,,,,,,0,0.00,1.0,6,treatment_6,1,30,1,1,13,4,,,,,,,,,,,,,2,0,0,0,2,0,0,0,2,0,0,0,,0,19,1,6,treatment_6,,,,,,,3,3,3,3,3,4,3,6,5,3,5,2,,,,,,,,,,,,,,0,19,2
115,cct2si14,,0,14,14,inequality_research_survey,ExitPage,2019-12-13 10:32:53.631710+00:00,1,,,0,0.00,2b27hhvr,,,,,,0,0.00,1.0,1,treatment_1,2,44,1,4,10,2,4,3,5,5,4,7,4,7,2,7,2,1,4,1,327,170,3,0,0,0,2,0,0,0,,0,20,1,1,treatment_1,,,,,,,,,,,,,,,,,,,,,,,,,,,,,,,,0,20,2
116,iwjjwgu6,,0,14,14,inequality_research_survey,ExitPage,2019-12-13 10:36:18.797403+00:00,1,,,0,0.00,2b27hhvr,,,,,,0,0.00,1.0,2,treatment_2,2,21,1,1,13,2,,,,,,,,,,,,,6,1,298,199,2,0,0,0,2,0,0,0,,0,20,1,2,treatment_2,,,,,,,4,2,6,1,1,4,1,6,2,7,1,2,,,,,,,,,,,,,,0,20,2
117,tmlvcfvx,,0,14,14,inequality_research_survey,ExitPage,2019-12-13 10:37:52.181468+00:00,1,,,0,0.00,2b27hhvr,,,,,,0,0.00,1.0,3,treatment_3,2,24,1,1,13,6,3,4,3,7,3,3,4,5,7,5,7,1,2,0,0,0,2,0,0,0,2,0,0,0,,0,20,1,3,treatment_3,,,,,,,,,,,,,,,,,,,,,,,,,,,,,,,,0,20,2
118,76r53g68,,0,14,14,inequality_research_survey,ExitPage,2019-12-13 10:41:21.041182+00:00,1,,,0,0.00,2b27hhvr,,,,,,0,0.00,1.0,4,treatment_4,2,27,1,1,11,5,,,,,,,,,,,,,2,0,0,0,2,0,0,0,2,1,198,0,,0,20,1,4,treatment_4,,,,,,,2,2,3,3,2,1,1,4,6,6,3,2,,,,,,,,,,,,,,0,20,2
119,bcdvdybd,,0,14,14,inequality_research_survey,ExitPage,2019-12-13 10:43:19.756433+00:00,1,,,0,0.00,2b27hhvr,,,,,,0,0.00,1.0,5,treatment_5,1,22,1,1,13,2,3,6,2,2,1,6,1,7,7,7,5,1,2,0,0,0,5,1,337,199,3,0,0,0,,0,20,1,5,treatment_5,,,,,,,,,,,,,,,,,,,,,,,,,,,,,,,,0,20,2
120,mv8dh45w,,0,0,14,,,,0,,,0,0.00,2b27hhvr,,,,,,0,0.00,1.0,6,treatment_6,,,,,,,,,,,,,,,,,,,,,,,,,,,,,,,,0,20,1,6,treatment_6,,,,,,,,,,,,,,,,,,,,,,,,,,,,,,,,0,20,2
121,pjtw54uk,,0,14,14,inequality_research_survey,ExitPage,2019-12-13 12:04:24.463039+00:00,1,,,0,0.00,2b27hhvr,,,,,,0,0.00,1.0,1,treatment_1,1,57,1,1,7,6,2,5,4,2,2,2,1,3,4,2,2,1,3,1,202,0,2,0,0,0,2,0,0,0,,0,21,1,1,treatment_1,,,,,,,,,,,,,,,,,,,,,,,,,,,,,,,,0,21,2
122,dg7r5r8m,,0,14,14,inequality_research_survey,ExitPage,2019-12-13 12:04:50.078850+00:00,1,,,0,0.00,2b27hhvr,,,,,,0,0.00,1.0,2,treatment_2,1,32,1,3,11,2,,,,,,,,,,,,,5,1,249,153,6,1,25,25,5,0,0,0,,0,21,1,2,treatment_2,,,,,,,1,4,1,1,1,4,1,6,7,7,3,1,,,,,,,,,,,,,,0,21,2
123,yozwwnau,,0,14,14,inequality_research_survey,ExitPage,2019-12-13 12:05:30.539869+00:00,1,,,0,0.00,2b27hhvr,,,,,,0,0.00,1.0,3,treatment_3,1,32,3,2,12,8,5,4,4,4,2,4,5,5,3,2,6,6,2,1,24,26,6,0,0,0,2,1,493,502,,0,21,1,3,treatment_3,,,,,,,,,,,,,,,,,,,,,,,,,,,,,,,,0,21,2
124,kr0z82ey,,0,14,14,inequality_research_survey,ExitPage,2019-12-13 12:06:01.669061+00:00,1,,,0,0.00,2b27hhvr,,,,,,0,0.00,1.0,4,treatment_4,2,24,1,1,13,6,,,,,,,,,,,,,5,1,25,25,2,0,0,0,5,1,200,99,,0,21,1,4,treatment_4,,,,,,,3,2,3,3,3,4,1,4,6,7,7,1,,,,,,,,,,,,,,0,21,2
125,8oyq0yq0,,0,4,14,inequality_research_survey,Vignette_1,2019-12-13 12:19:27.524176+00:00,1,,,0,0.00,2b27hhvr,,,,,,0,0.00,1.0,5,treatment_5,2,56,1,4,10,1,5,5,5,5,5,5,1,5,1,5,5,1,,,,,,,,,,,,,,0,21,1,5,treatment_5,,,,,,,,,,,,,,,,,,,,,,,,,,,,,,,,0,21,2
126,sb04f9ef,,0,14,14,inequality_research_survey,ExitPage,2019-12-13 12:20:06.518753+00:00,1,,,0,0.00,2b27hhvr,,,,,,0,0.00,1.0,6,treatment_6,1,21,1,3,13,1,,,,,,,,,,,,,3,0,0,0,6,0,0,0,5,0,0,0,,0,21,1,6,treatment_6,,,,,,,5,4,3,2,2,4,2,4,3,5,2,1,,,,,,,,,,,,,,0,21,2
127,a1x6yv8y,,0,6,14,inequality_research_survey,Vignette_3,2019-12-13 12:21:02.114252+00:00,1,,,0,0.00,2b27hhvr,,,,,,0,0.00,1.0,1,treatment_1,1,29,1,1,11,2,5,5,3,6,2,6,2,6,7,2,7,1,2,0,0,0,2,0,0,0,,,,,,0,22,1,1,treatment_1,,,,,,,,,,,,,,,,,,,,,,,,,,,,,,,,0,22,2
128,965h6evm,,0,14,14,inequality_research_survey,ExitPage,2019-12-13 12:22:30.606973+00:00,1,,,0,0.00,2b27hhvr,,,,,,0,0.00,1.0,2,treatment_2,2,63,1,1,14,8,,,,,,,,,,,,,2,0,0,0,2,0,0,0,2,0,0,0,,0,22,1,2,treatment_2,,,,,,,5,5,4,5,6,6,2,6,6,6,3,3,,,,,,,,,,,,,,0,22,2
129,a3jysavj,,0,14,14,inequality_research_survey,ExitPage,2019-12-13 12:36:52.670380+00:00,1,,,0,0.00,2b27hhvr,,,,,,0,0.00,1.0,3,treatment_3,2,24,1,1,10,1,2,4,6,5,4,5,1,5,5,4,5,2,3,0,0,0,3,0,0,0,5,0,0,0,,0,22,1,3,treatment_3,,,,,,,,,,,,,,,,,,,,,,,,,,,,,,,,0,22,2
130,z6xpif02,,0,14,14,inequality_research_survey,ExitPage,2019-12-13 12:37:30.910937+00:00,1,,,0,0.00,2b27hhvr,,,,,,0,0.00,1.0,4,treatment_4,2,24,1,1,13,6,,,,,,,,,,,,,5,1,15,15,5,0,0,0,1,0,0,0,,0,22,1,4,treatment_4,,,,,,,3,6,3,1,2,3,1,6,7,7,5,1,,,,,,,,,,,,,,0,22,2
131,crj9cxmw,,0,14,14,inequality_research_survey,ExitPage,2019-12-13 12:39:42.701538+00:00,1,,,0,0.00,2b27hhvr,,,,,,0,0.00,1.0,5,treatment_5,2,24,1,1,13,6,1,2,4,6,2,4,1,6,7,6,4,5,3,0,0,0,5,1,197,0,2,0,0,0,,0,22,1,5,treatment_5,,,,,,,,,,,,,,,,,,,,,,,,,,,,,,,,0,22,2
132,wd5tcqor,,0,14,14,inequality_research_survey,ExitPage,2019-12-13 12:42:07.746365+00:00,1,,,0,0.00,2b27hhvr,,,,,,0,0.00,1.0,6,treatment_6,1,39,2,1,5,8,,,,,,,,,,,,,2,0,0,0,2,0,0,0,2,0,0,0,,0,22,1,6,treatment_6,,,,,,,3,3,3,3,3,3,2,3,4,2,1,1,,,,,,,,,,,,,,0,22,2
133,e149daia,,0,14,14,inequality_research_survey,ExitPage,2019-12-13 12:45:00.242616+00:00,1,,,0,0.00,2b27hhvr,,,,,,0,0.00,1.0,1,treatment_1,2,29,1,3,13,6,2,7,4,3,2,5,1,6,7,7,5,3,6,1,213,139,3,0,0,0,5,1,12,15,,0,23,1,1,treatment_1,,,,,,,,,,,,,,,,,,,,,,,,,,,,,,,,0,23,2
134,226dkyfz,,0,14,14,inequality_research_survey,ExitPage,2019-12-13 12:46:35.177233+00:00,1,,,0,0.00,2b27hhvr,,,,,,0,0.00,1.0,2,treatment_2,2,20,2,3,12,8,,,,,,,,,,,,,3,0,0,0,2,0,0,0,3,0,0,0,,0,23,1,2,treatment_2,,,,,,,2,4,2,3,2,4,2,4,5,7,7,2,,,,,,,,,,,,,,0,23,2
135,5jnjjafc,,0,14,14,inequality_research_survey,ExitPage,2019-12-13 12:47:32.555121+00:00,1,,,0,0.00,2b27hhvr,,,,,,0,0.00,1.0,3,treatment_3,1,20,1,3,13,4,2,2,6,4,2,1,3,6,3,2,4,3,3,0,0,0,2,0,0,0,3,0,0,0,,0,23,1,3,treatment_3,,,,,,,,,,,,,,,,,,,,,,,,,,,,,,,,0,23,2
136,pvucjmrl,,0,5,14,inequality_research_survey,Vignette_2,2019-12-13 12:51:24.897063+00:00,1,,,0,0.00,2b27hhvr,,,,,,0,0.00,1.0,4,treatment_4,2,28,1,1,13,5,,,,,,,,,,,,,6,1,25,25,,,,,,,,,,0,23,1,4,treatment_4,,,,,,,,,,,,,,,,,,,,,,,,,,,,,,,,0,23,2
137,s3wrgj48,,0,6,14,inequality_research_survey,Vignette_3,2019-12-13 12:52:05.755017+00:00,1,,,0,0.00,2b27hhvr,,,,,,0,0.00,1.0,5,treatment_5,2,31,1,1,5,8,1,3,3,4,3,3,3,4,5,5,2,2,1,0,0,0,1,0,0,0,,,,,,0,23,1,5,treatment_5,,,,,,,,,,,,,,,,,,,,,,,,,,,,,,,,0,23,2
138,7ap04msh,,0,14,14,inequality_research_survey,ExitPage,2019-12-13 12:58:38.425199+00:00,1,,,0,0.00,2b27hhvr,,,,,,0,0.00,1.0,6,treatment_6,1,26,1,1,4,6,,,,,,,,,,,,,5,1,10,10,5,1,401,399,5,1,0,0,,0,23,1,6,treatment_6,,,,,,,1,7,7,1,5,7,1,7,5,7,7,7,,,,,,,,,,,,,,0,23,2
139,tkxw5apc,,0,14,14,inequality_research_survey,ExitPage,2019-12-13 13:00:15.012961+00:00,1,,,0,0.00,2b27hhvr,,,,,,0,0.00,1.0,1,treatment_1,2,53,1,4,8,6,1,4,4,2,1,1,4,1,1,2,1,3,2,0,0,0,4,1,13,10,4,0,0,0,,0,24,1,1,treatment_1,,,,,,,,,,,,,,,,,,,,,,,,,,,,,,,,0,24,2
140,ue9dkv0x,,0,14,14,inequality_research_survey,ExitPage,2019-12-13 13:05:48.560372+00:00,1,,,0,0.00,2b27hhvr,,,,,,0,0.00,1.0,2,treatment_2,1,56,1,2,8,6,,,,,,,,,,,,,3,0,0,0,2,0,0,0,3,0,0,0,,0,24,1,2,treatment_2,,,,,,,6,5,3,5,4,5,1,5,6,7,7,2,,,,,,,,,,,,,,0,24,2
141,ib4c7lbu,,0,14,14,inequality_research_survey,ExitPage,2019-12-13 13:10:25.637549+00:00,1,,,0,0.00,2b27hhvr,,,,,,0,0.00,1.0,3,treatment_3,1,20,1,3,15,5,3,5,2,6,2,5,3,5,5,7,7,4,2,0,0,0,2,0,0,0,2,0,0,0,,0,24,1,3,treatment_3,,,,,,,,,,,,,,,,,,,,,,,,,,,,,,,,0,24,2
142,5jz6o1gt,,0,14,14,inequality_research_survey,ExitPage,2019-12-13 13:12:44.596087+00:00,1,,,0,0.00,2b27hhvr,,,,,,0,0.00,1.0,4,treatment_4,1,20,2,3,13,8,,,,,,,,,,,,,3,0,0,0,3,0,0,0,3,0,0,0,,0,24,1,4,treatment_4,,,,,,,3,5,5,4,2,3,2,4,5,7,4,4,,,,,,,,,,,,,,0,24,2
143,igfxyru1,,0,14,14,inequality_research_survey,ExitPage,2019-12-13 13:14:14.350210+00:00,1,,,0,0.00,2b27hhvr,,,,,,0,0.00,1.0,5,treatment_5,1,35,1,2,4,3,1,1,7,3,1,7,1,5,4,7,7,1,1,0,0,0,1,0,0,0,3,0,0,0,,0,24,1,5,treatment_5,,,,,,,,,,,,,,,,,,,,,,,,,,,,,,,,0,24,2
144,0jlrqmeq,,0,14,14,inequality_research_survey,ExitPage,2019-12-13 13:55:12.100550+00:00,1,,,0,0.00,2b27hhvr,,,,,,0,0.00,1.0,6,treatment_6,2,51,1,4,2,4,,,,,,,,,,,,,5,1,8,18,2,0,0,0,2,0,0,0,,0,24,1,6,treatment_6,,,,,,,5,2,4,5,4,3,1,7,7,7,3,4,,,,,,,,,,,,,,0,24,2
145,06e5lywg,,0,14,14,inequality_research_survey,ExitPage,2019-12-13 14:04:31.635353+00:00,1,,,0,0.00,2b27hhvr,,,,,,0,0.00,1.0,1,treatment_1,2,24,1,4,12,8,4,1,1,4,1,1,7,3,7,7,4,5,3,0,0,0,1,1,10,0,1,0,0,0,,0,25,1,1,treatment_1,,,,,,,,,,,,,,,,,,,,,,,,,,,,,,,,0,25,2
146,dzaimhwq,,0,14,14,inequality_research_survey,ExitPage,2019-12-13 14:07:30.337875+00:00,1,,,0,0.00,2b27hhvr,,,,,,0,0.00,1.0,2,treatment_2,2,36,3,1,10,1,,,,,,,,,,,,,1,1,439,386,2,0,0,0,2,0,0,0,,0,25,1,2,treatment_2,,,,,,,4,5,2,4,3,3,1,4,5,3,3,3,,,,,,,,,,,,,,0,25,2
147,5jvkdu5i,,0,14,14,inequality_research_survey,ExitPage,2019-12-13 14:08:06.887992+00:00,1,,,0,0.00,2b27hhvr,,,,,,0,0.00,1.0,3,treatment_3,1,27,1,3,13,6,5,3,7,6,5,3,2,4,7,7,7,5,1,0,0,0,1,0,0,0,1,0,0,0,,0,25,1,3,treatment_3,,,,,,,,,,,,,,,,,,,,,,,,,,,,,,,,0,25,2
148,25ekoyty,,0,14,14,inequality_research_survey,ExitPage,2019-12-13 14:09:43.676363+00:00,1,,,0,0.00,2b27hhvr,,,,,,0,0.00,1.0,4,treatment_4,1,51,1,3,12,7,,,,,,,,,,,,,6,1,25,25,3,0,0,0,3,0,0,0,,0,25,1,4,treatment_4,,,,,,,1,1,1,1,1,1,1,7,7,7,7,1,,,,,,,,,,,,,,0,25,2
149,77ujcczw,,0,14,14,inequality_research_survey,ExitPage,2019-12-13 14:23:15.386266+00:00,1,,,0,0.00,2b27hhvr,,,,,,0,0.00,1.0,5,treatment_5,1,25,1,2,7,1,3,5,3,5,1,2,2,6,6,7,1,3,3,1,13,16,3,1,325,204,1,0,0,0,,0,25,1,5,treatment_5,,,,,,,,,,,,,,,,,,,,,,,,,,,,,,,,0,25,2
150,d1zpeona,,0,14,14,inequality_research_survey,ExitPage,2019-12-13 14:24:15.439550+00:00,1,,,0,0.00,2b27hhvr,,,,,,0,0.00,1.0,6,treatment_6,2,70,1,4,14,1,,,,,,,,,,,,,2,1,10,10,3,1,305,0,4,1,0,45,,0,25,1,6,treatment_6,,,,,,,1,5,5,5,7,7,1,5,7,7,7,1,,,,,,,,,,,,,,0,25,2
151,846tqlqm,,0,14,14,inequality_research_survey,ExitPage,2019-12-13 14:25:16.659033+00:00,1,,,0,0.00,2b27hhvr,,,,,,0,0.00,1.0,1,treatment_1,2,26,1,3,10,6,2,5,2,1,1,5,1,6,7,7,7,3,5,1,301,200,6,0,0,0,6,1,10,5,,0,26,1,1,treatment_1,,,,,,,,,,,,,,,,,,,,,,,,,,,,,,,,0,26,2
152,6btk8brr,,0,14,14,inequality_research_survey,ExitPage,2019-12-13 14:29:26.115481+00:00,1,,,0,0.00,2b27hhvr,,,,,,0,0.00,1.0,2,treatment_2,2,18,1,3,13,6,,,,,,,,,,,,,6,1,401,399,5,1,25,25,4,1,10,10,,0,26,1,2,treatment_2,,,,,,,2,5,6,2,1,3,1,4,7,7,2,1,,,,,,,,,,,,,,0,26,2
153,emd38cbi,,0,14,14,inequality_research_survey,ExitPage,2019-12-13 14:31:34.472353+00:00,1,,,0,0.00,2b27hhvr,,,,,,0,0.00,1.0,3,treatment_3,1,25,1,1,8,4,5,3,2,3,2,2,5,2,5,2,1,6,2,0,0,0,2,0,0,0,2,0,0,0,,0,26,1,3,treatment_3,,,,,,,,,,,,,,,,,,,,,,,,,,,,,,,,0,26,2
154,r1fhjfvn,,0,14,14,inequality_research_survey,ExitPage,2019-12-13 14:36:34.373006+00:00,1,,,0,0.00,2b27hhvr,,,,,,0,0.00,1.0,4,treatment_4,2,26,1,1,8,6,,,,,,,,,,,,,5,1,25,25,5,0,0,0,3,0,0,0,,0,26,1,4,treatment_4,,,,,,,3,3,2,4,2,3,1,7,7,2,3,3,,,,,,,,,,,,,,0,26,2
155,sxhcup63,,0,14,14,inequality_research_survey,ExitPage,2019-12-13 14:37:21.079079+00:00,1,,,0,0.00,2b27hhvr,,,,,,0,0.00,1.0,5,treatment_5,1,27,1,3,13,6,1,4,1,1,1,2,1,7,7,7,5,1,3,1,6,17,5,1,258,200,3,0,0,0,,0,26,1,5,treatment_5,,,,,,,,,,,,,,,,,,,,,,,,,,,,,,,,0,26,2
156,g7zk4oww,,0,14,14,inequality_research_survey,ExitPage,2019-12-13 14:37:40.796502+00:00,1,,,0,0.00,2b27hhvr,,,,,,0,0.00,1.0,6,treatment_6,1,32,3,2,10,1,,,,,,,,,,,,,3,1,0,0,2,0,0,0,2,0,0,0,,0,26,1,6,treatment_6,,,,,,,2,3,7,5,6,6,4,6,4,7,5,6,,,,,,,,,,,,,,0,26,2
157,5k8s7h4b,,0,14,14,inequality_research_survey,ExitPage,2019-12-13 14:39:38.469669+00:00,1,,,0,0.00,2b27hhvr,,,,,,0,0.00,1.0,1,treatment_1,1,29,1,2,12,6,2,2,2,3,2,2,2,5,3,2,6,4,4,1,200,81,1,0,0,0,1,0,0,0,,0,27,1,1,treatment_1,,,,,,,,,,,,,,,,,,,,,,,,,,,,,,,,0,27,2
158,qyx4en97,,0,2,14,inequality_research_survey,DemographicQuestions,2019-12-13 14:47:51.922694+00:00,1,,,0,0.00,2b27hhvr,,,,,,0,0.00,1.0,2,treatment_2,,,,,,,,,,,,,,,,,,,,,,,,,,,,,,,,0,27,1,2,treatment_2,,,,,,,,,,,,,,,,,,,,,,,,,,,,,,,,0,27,2
159,efgx9zgt,,0,14,14,inequality_research_survey,ExitPage,2019-12-13 14:48:28.001007+00:00,1,,,0,0.00,2b27hhvr,,,,,,0,0.00,1.0,3,treatment_3,1,45,1,1,9,6,1,7,5,3,5,7,1,7,7,6,4,1,4,1,25,25,5,1,10,10,4,1,404,397,,0,27,1,3,treatment_3,,,,,,,,,,,,,,,,,,,,,,,,,,,,,,,,0,27,2
160,pzhghcy5,,0,2,14,inequality_research_survey,DemographicQuestions,2019-12-13 14:51:23.864859+00:00,1,,,0,0.00,2b27hhvr,,,,,,0,0.00,1.0,4,treatment_4,,,,,,,,,,,,,,,,,,,,,,,,,,,,,,,,0,27,1,4,treatment_4,,,,,,,,,,,,,,,,,,,,,,,,,,,,,,,,0,27,2
161,yebgozs1,,0,14,14,inequality_research_survey,ExitPage,2019-12-13 14:53:02.508868+00:00,1,,,0,0.00,2b27hhvr,,,,,,0,0.00,1.0,5,treatment_5,2,43,1,1,11,6,2,4,6,6,5,4,1,5,6,5,4,4,3,0,0,0,4,1,298,162,3,0,0,0,,0,27,1,5,treatment_5,,,,,,,,,,,,,,,,,,,,,,,,,,,,,,,,0,27,2
162,br17656l,,0,14,14,inequality_research_survey,ExitPage,2019-12-13 14:55:23.249161+00:00,1,,,0,0.00,2b27hhvr,,,,,,0,0.00,1.0,6,treatment_6,2,42,1,1,11,1,,,,,,,,,,,,,4,0,0,0,4,0,0,0,4,0,0,0,,0,27,1,6,treatment_6,,,,,,,1,3,5,6,4,5,1,5,3,7,4,4,,,,,,,,,,,,,,0,27,2
163,rx4hkjbs,,0,14,14,inequality_research_survey,ExitPage,2019-12-13 14:55:42.860198+00:00,1,,,0,0.00,2b27hhvr,,,,,,0,0.00,1.0,1,treatment_1,2,61,1,1,7,6,2,3,6,2,3,4,2,5,3,5,3,3,3,0,0,0,3,0,0,0,3,0,0,0,,0,28,1,1,treatment_1,,,,,,,,,,,,,,,,,,,,,,,,,,,,,,,,0,28,2
164,e8co9kl5,,0,14,14,inequality_research_survey,ExitPage,2019-12-17 12:11:44.482008+00:00,1,,,0,0.00,2b27hhvr,,,,,,0,0.00,1.0,2,treatment_2,1,18,1,3,13,6,,,,,,,,,,,,,4,0,0,0,2,0,0,0,2,0,0,0,,0,28,1,2,treatment_2,,,,,,,3,2,3,4,2,6,2,6,7,6,5,2,,,,,,,,,,,,,,0,28,2
165,x9ts8fkz,,0,5,14,inequality_research_survey,Vignette_2,2019-12-17 12:13:20.530458+00:00,1,,,0,0.00,2b27hhvr,,,,,,0,0.00,1.0,3,treatment_3,2,59,1,1,12,6,4,5,3,3,2,4,2,3,7,3,7,1,4,1,25,25,,,,,,,,,,0,28,1,3,treatment_3,,,,,,,,,,,,,,,,,,,,,,,,,,,,,,,,0,28,2
166,qgrbc7yf,,0,14,14,inequality_research_survey,ExitPage,2019-12-17 12:14:06.317138+00:00,1,,,0,0.00,2b27hhvr,,,,,,0,0.00,1.0,4,treatment_4,1,25,1,1,10,5,,,,,,,,,,,,,2,0,0,0,3,0,0,0,3,1,161,0,,0,28,1,4,treatment_4,,,,,,,2,2,1,3,1,4,3,5,6,5,6,2,,,,,,,,,,,,,,0,28,2
167,idgy1tns,,0,14,14,inequality_research_survey,ExitPage,2019-12-17 12:18:32.744121+00:00,1,,,0,0.00,2b27hhvr,,,,,,0,0.00,1.0,5,treatment_5,2,29,1,1,9,5,1,1,1,1,1,1,1,4,7,7,7,1,5,1,15,17,5,0,0,0,4,0,0,0,,0,28,1,5,treatment_5,,,,,,,,,,,,,,,,,,,,,,,,,,,,,,,,0,28,2
168,sb4spwlr,,0,0,14,,,,0,,,0,0.00,2b27hhvr,,,,,,0,0.00,1.0,6,treatment_6,,,,,,,,,,,,,,,,,,,,,,,,,,,,,,,,0,28,1,6,treatment_6,,,,,,,,,,,,,,,,,,,,,,,,,,,,,,,,0,28,2
169,40txung9,,0,14,14,inequality_research_survey,ExitPage,2019-12-17 12:21:03.867769+00:00,1,,,0,0.00,2b27hhvr,,,,,,0,0.00,1.0,1,treatment_1,1,32,3,1,13,8,5,1,1,3,1,1,5,2,2,6,6,5,2,1,144,0,2,0,0,0,3,0,0,0,,0,29,1,1,treatment_1,,,,,,,,,,,,,,,,,,,,,,,,,,,,,,,,0,29,2
170,5yyzl7qm,,0,14,14,inequality_research_survey,ExitPage,2019-12-17 12:22:26.365539+00:00,1,,,0,0.00,2b27hhvr,,,,,,0,0.00,1.0,2,treatment_2,2,33,3,1,13,8,,,,,,,,,,,,,2,0,0,0,1,0,0,0,2,0,0,0,,0,29,1,2,treatment_2,,,,,,,1,1,2,2,1,1,7,7,1,7,7,7,,,,,,,,,,,,,,0,29,2
171,tuxa6wzh,,0,14,14,inequality_research_survey,ExitPage,2019-12-17 12:22:41.972194+00:00,1,,,0,0.00,2b27hhvr,,,,,,0,0.00,1.0,3,treatment_3,1,51,1,1,10,1,1,1,2,3,1,1,1,5,6,7,6,4,3,0,0,0,2,0,0,0,2,0,0,0,,0,29,1,3,treatment_3,,,,,,,,,,,,,,,,,,,,,,,,,,,,,,,,0,29,2
172,a8cwwhfg,,0,14,14,inequality_research_survey,ExitPage,2019-12-17 12:25:38.205951+00:00,1,,,0,0.00,2b27hhvr,,,,,,0,0.00,1.0,4,treatment_4,2,31,1,1,10,6,,,,,,,,,,,,,3,1,10,5,4,1,15,17,4,1,148,0,,0,29,1,4,treatment_4,,,,,,,2,5,3,1,2,5,1,6,7,6,7,1,,,,,,,,,,,,,,0,29,2
173,yfxb86uq,,0,14,14,inequality_research_survey,ExitPage,2019-12-17 12:31:37.490802+00:00,1,,,0,0.00,2b27hhvr,,,,,,0,0.00,1.0,5,treatment_5,2,21,1,3,13,6,4,5,7,5,4,4,2,5,7,7,7,1,3,0,0,0,1,0,0,0,2,0,0,0,,0,29,1,5,treatment_5,,,,,,,,,,,,,,,,,,,,,,,,,,,,,,,,0,29,2
174,kc1bocn1,,0,14,14,inequality_research_survey,ExitPage,2019-12-17 12:31:54.829562+00:00,1,,,0,0.00,2b27hhvr,,,,,,0,0.00,1.0,6,treatment_6,1,22,1,3,13,1,,,,,,,,,,,,,2,0,0,0,3,0,0,0,2,0,0,0,,0,29,1,6,treatment_6,,,,,,,2,3,3,2,2,3,1,4,3,6,5,4,,,,,,,,,,,,,,0,29,2
175,8n5d5uu0,,0,14,14,inequality_research_survey,ExitPage,2019-12-17 12:32:55.153528+00:00,1,,,0,0.00,2b27hhvr,,,,,,0,0.00,1.0,1,treatment_1,2,32,1,4,5,8,3,1,7,3,7,7,7,6,2,7,6,1,2,0,0,0,1,0,0,0,2,0,0,0,,0,30,1,1,treatment_1,,,,,,,,,,,,,,,,,,,,,,,,,,,,,,,,0,30,2
176,tgfsnhh1,,0,14,14,inequality_research_survey,ExitPage,2019-12-17 12:36:35.449188+00:00,1,,,0,0.00,2b27hhvr,,,,,,0,0.00,1.0,2,treatment_2,2,23,3,3,15,1,,,,,,,,,,,,,1,1,390,599,3,1,27,30,7,0,0,0,,0,30,1,2,treatment_2,,,,,,,1,1,7,7,1,1,1,1,1,1,1,1,,,,,,,,,,,,,,0,30,2
177,qhtlk12s,,0,14,14,inequality_research_survey,ExitPage,2019-12-17 12:37:48.408934+00:00,1,,,0,0.00,2b27hhvr,,,,,,0,0.00,1.0,3,treatment_3,1,29,3,1,13,2,4,7,7,5,6,6,1,4,5,7,7,4,4,0,0,0,4,0,0,0,4,0,0,0,,0,30,1,3,treatment_3,,,,,,,,,,,,,,,,,,,,,,,,,,,,,,,,0,30,2
178,dloz79b9,,0,14,14,inequality_research_survey,ExitPage,2019-12-17 12:38:45.759993+00:00,1,,,0,0.00,2b27hhvr,,,,,,0,0.00,1.0,4,treatment_4,1,65,1,2,14,8,,,,,,,,,,,,,2,0,0,0,2,0,0,0,2,0,0,0,,0,30,1,4,treatment_4,,,,,,,1,1,4,4,4,4,1,6,7,6,1,4,,,,,,,,,,,,,,0,30,2
179,gpzrr00g,,0,14,14,inequality_research_survey,ExitPage,2019-12-17 12:40:40.991328+00:00,1,,,0,0.00,2b27hhvr,,,,,,0,0.00,1.0,5,treatment_5,2,21,1,1,15,6,4,7,4,5,5,5,2,6,6,7,7,3,3,1,15,15,2,0,0,0,2,0,0,0,,0,30,1,5,treatment_5,,,,,,,,,,,,,,,,,,,,,,,,,,,,,,,,0,30,2
180,k0xvp952,,0,14,14,inequality_research_survey,ExitPage,2019-12-17 12:42:02.381647+00:00,1,,,0,0.00,2b27hhvr,,,,,,0,0.00,1.0,6,treatment_6,2,69,1,1,14,7,,,,,,,,,,,,,2,0,0,0,2,0,0,0,2,0,0,0,,0,30,1,6,treatment_6,,,,,,,2,2,1,5,1,1,1,7,6,6,2,1,,,,,,,,,,,,,,0,30,2
181,jzzab0ua,,0,14,14,inequality_research_survey,ExitPage,2019-12-17 12:44:03.216047+00:00,1,,,0,0.00,2b27hhvr,,,,,,0,0.00,1.0,1,treatment_1,2,29,2,1,13,8,1,4,6,3,6,4,1,5,7,7,7,4,2,0,0,0,2,0,0,0,2,0,0,0,,0,31,1,1,treatment_1,,,,,,,,,,,,,,,,,,,,,,,,,,,,,,,,0,31,2
182,mvuo4vse,,0,14,14,inequality_research_survey,ExitPage,2019-12-17 12:45:33.710516+00:00,1,,,0,0.00,2b27hhvr,,,,,,0,0.00,1.0,2,treatment_2,2,55,1,5,14,8,,,,,,,,,,,,,6,1,463,461,5,1,21,28,2,1,3,10,,0,31,1,2,treatment_2,,,,,,,5,5,5,7,5,5,2,5,5,5,5,5,,,,,,,,,,,,,,0,31,2
183,zcxwlw5k,,0,14,14,inequality_research_survey,ExitPage,2019-12-17 12:47:06.069091+00:00,1,,,0,0.00,2b27hhvr,,,,,,0,0.00,1.0,3,treatment_3,1,20,1,1,1,3,3,1,7,1,7,7,1,5,4,7,7,4,5,0,0,0,4,0,0,0,1,1,375,144,,0,31,1,3,treatment_3,,,,,,,,,,,,,,,,,,,,,,,,,,,,,,,,0,31,2
184,aokvo1x5,,0,14,14,inequality_research_survey,ExitPage,2019-12-17 12:48:42.856552+00:00,1,,,0,0.00,2b27hhvr,,,,,,0,0.00,1.0,4,treatment_4,1,27,1,3,8,3,,,,,,,,,,,,,3,0,0,0,2,0,0,0,3,0,0,0,,0,31,1,4,treatment_4,,,,,,,4,5,5,3,5,2,5,5,2,5,2,5,,,,,,,,,,,,,,0,31,2
185,935q68pi,,0,14,14,inequality_research_survey,ExitPage,2019-12-17 12:50:58.076300+00:00,1,,,0,0.00,2b27hhvr,,,,,,0,0.00,1.0,5,treatment_5,1,23,1,3,8,7,6,6,4,7,4,2,4,7,6,5,3,2,2,1,15,20,3,0,0,0,3,0,0,0,,0,31,1,5,treatment_5,,,,,,,,,,,,,,,,,,,,,,,,,,,,,,,,0,31,2
186,g44c539b,,0,14,14,inequality_research_survey,ExitPage,2019-12-17 12:55:12.184730+00:00,1,,,0,0.00,2b27hhvr,,,,,,0,0.00,1.0,6,treatment_6,2,22,1,3,12,5,,,,,,,,,,,,,4,0,0,0,2,0,0,0,2,0,0,0,,0,31,1,6,treatment_6,,,,,,,1,1,5,2,2,1,2,4,4,7,6,4,,,,,,,,,,,,,,0,31,2
187,9o56mzig,,0,14,14,inequality_research_survey,ExitPage,2019-12-17 12:57:00.866840+00:00,1,,,0,0.00,2b27hhvr,,,,,,0,0.00,1.0,1,treatment_1,2,22,1,3,13,7,1,2,2,4,3,3,1,5,6,3,2,3,5,0,0,0,2,0,0,0,3,0,0,0,,0,32,1,1,treatment_1,,,,,,,,,,,,,,,,,,,,,,,,,,,,,,,,0,32,2
188,py7iub6n,,0,14,14,inequality_research_survey,ExitPage,2019-12-17 12:57:58.816447+00:00,1,,,0,0.00,2b27hhvr,,,,,,0,0.00,1.0,2,treatment_2,1,21,1,3,2,4,,,,,,,,,,,,,2,0,0,0,2,0,0,0,2,0,0,0,,0,32,1,2,treatment_2,,,,,,,5,2,3,4,2,2,3,1,3,7,6,2,,,,,,,,,,,,,,0,32,2
189,rqpk15hr,,0,14,14,inequality_research_survey,ExitPage,2019-12-17 12:58:24.292522+00:00,1,,,0,0.00,2b27hhvr,,,,,,0,0.00,1.0,3,treatment_3,1,21,3,2,2,8,4,2,1,4,1,1,1,7,3,7,7,5,5,1,20,20,3,1,10,10,3,1,351,351,,0,32,1,3,treatment_3,,,,,,,,,,,,,,,,,,,,,,,,,,,,,,,,0,32,2
190,bmb67da0,,0,14,14,inequality_research_survey,ExitPage,2019-12-17 13:02:34.002481+00:00,1,,,0,0.00,2b27hhvr,,,,,,0,0.00,1.0,4,treatment_4,1,33,1,1,13,5,,,,,,,,,,,,,5,1,25,25,5,1,10,10,5,1,401,399,,0,32,1,4,treatment_4,,,,,,,5,7,6,6,6,7,6,7,6,7,7,1,,,,,,,,,,,,,,0,32,2
191,lg0j1ebx,,0,14,14,inequality_research_survey,ExitPage,2019-12-17 13:05:10.640766+00:00,1,,,0,0.00,2b27hhvr,,,,,,0,0.00,1.0,5,treatment_5,1,25,1,1,13,6,2,2,2,4,2,5,2,5,6,4,5,1,5,1,15,17,2,0,0,0,2,0,0,0,,0,32,1,5,treatment_5,,,,,,,,,,,,,,,,,,,,,,,,,,,,,,,,0,32,2
192,w99xibwj,,0,14,14,inequality_research_survey,ExitPage,2019-12-17 13:07:28.165457+00:00,1,,,0,0.00,2b27hhvr,,,,,,0,0.00,1.0,6,treatment_6,2,41,1,2,7,6,,,,,,,,,,,,,2,0,0,0,3,0,0,0,2,0,0,0,,0,32,1,6,treatment_6,,,,,,,5,6,5,2,4,5,3,3,4,6,1,5,,,,,,,,,,,,,,0,32,2
193,5jb7yjtf,,0,14,14,inequality_research_survey,ExitPage,2019-12-17 13:09:18.269930+00:00,1,,,0,0.00,2b27hhvr,,,,,,0,0.00,1.0,1,treatment_1,1,64,1,5,14,2,5,6,1,4,2,4,1,4,6,6,4,1,4,1,252,210,4,1,10,0,4,0,0,0,,0,33,1,1,treatment_1,,,,,,,,,,,,,,,,,,,,,,,,,,,,,,,,0,33,2
194,fmmhhgdh,,0,14,14,inequality_research_survey,ExitPage,2019-12-17 13:11:44.446417+00:00,1,,,0,0.00,2b27hhvr,,,,,,0,0.00,1.0,2,treatment_2,2,61,1,4,10,2,,,,,,,,,,,,,4,1,150,0,2,0,0,0,2,0,0,0,,0,33,1,2,treatment_2,,,,,,,2,6,5,7,5,6,2,7,6,6,6,7,,,,,,,,,,,,,,0,33,2
195,x1tntkcg,,0,14,14,inequality_research_survey,ExitPage,2019-12-17 13:14:00.275948+00:00,1,,,0,0.00,2b27hhvr,,,,,,0,0.00,1.0,3,treatment_3,2,40,1,1,7,3,2,2,5,6,4,2,1,4,3,1,1,6,3,0,0,0,5,1,7,7,2,0,0,0,,0,33,1,3,treatment_3,,,,,,,,,,,,,,,,,,,,,,,,,,,,,,,,0,33,2
196,0z1un1jz,,0,14,14,inequality_research_survey,ExitPage,2019-12-17 13:15:32.234577+00:00,1,,,0,0.00,2b27hhvr,,,,,,0,0.00,1.0,4,treatment_4,1,27,1,1,13,1,,,,,,,,,,,,,1,0,0,0,1,0,0,0,1,0,0,0,,0,33,1,4,treatment_4,,,,,,,2,1,2,2,1,2,2,1,7,2,3,6,,,,,,,,,,,,,,0,33,2
197,tker44gi,,0,14,14,inequality_research_survey,ExitPage,2019-12-20 09:27:20.270313+00:00,1,,,0,0.00,2b27hhvr,,,,,,0,0.00,1.0,5,treatment_5,2,24,3,3,13,8,1,1,1,1,1,1,1,1,4,7,1,1,1,0,0,0,2,0,0,0,1,0,0,0,,0,33,1,5,treatment_5,,,,,,,,,,,,,,,,,,,,,,,,,,,,,,,,0,33,2
198,tsvghgb6,,0,14,14,inequality_research_survey,ExitPage,2019-12-20 09:28:09.570768+00:00,1,,,0,0.00,2b27hhvr,,,,,,0,0.00,1.0,6,treatment_6,2,24,1,3,10,4,,,,,,,,,,,,,3,0,0,0,3,0,0,0,3,0,0,0,,0,33,1,6,treatment_6,,,,,,,2,2,3,2,2,2,1,3,3,3,1,4,,,,,,,,,,,,,,0,33,2
199,93eh7qr9,,0,14,14,inequality_research_survey,ExitPage,2019-12-20 09:29:14.798210+00:00,1,,,0,0.00,2b27hhvr,,,,,,0,0.00,1.0,1,treatment_1,1,35,1,1,7,1,3,3,5,2,2,4,1,6,3,2,2,2,3,0,0,0,3,0,0,0,2,0,0,0,,0,34,1,1,treatment_1,,,,,,,,,,,,,,,,,,,,,,,,,,,,,,,,0,34,2
200,oxs3awx5,,0,14,14,inequality_research_survey,ExitPage,2019-12-20 09:32:35.965169+00:00,1,,,0,0.00,2b27hhvr,,,,,,0,0.00,1.0,2,treatment_2,1,23,1,1,13,1,,,,,,,,,,,,,3,1,252,152,3,0,0,0,2,0,0,0,,0,34,1,2,treatment_2,,,,,,,1,2,2,3,2,3,2,3,7,4,1,5,,,,,,,,,,,,,,0,34,2
201,17awxvs7,,0,14,14,inequality_research_survey,ExitPage,2019-12-20 09:33:01.160998+00:00,1,,,0,0.00,2b27hhvr,,,,,,0,0.00,1.0,3,treatment_3,2,22,3,3,13,8,1,1,3,5,1,2,7,4,3,7,2,4,3,1,15,15,3,0,0,0,1,0,0,0,,0,34,1,3,treatment_3,,,,,,,,,,,,,,,,,,,,,,,,,,,,,,,,0,34,2
202,sq169vh5,,0,14,14,inequality_research_survey,ExitPage,2019-12-20 09:34:35.469765+00:00,1,,,0,0.00,2b27hhvr,,,,,,0,0.00,1.0,4,treatment_4,1,20,1,3,13,4,,,,,,,,,,,,,3,0,0,0,1,0,0,0,1,0,0,0,,0,34,1,4,treatment_4,,,,,,,7,5,6,3,5,5,2,4,1,7,1,2,,,,,,,,,,,,,,0,34,2
203,prmsffs3,,0,14,14,inequality_research_survey,ExitPage,2019-12-20 09:34:58.961540+00:00,1,,,0,0.00,2b27hhvr,,,,,,0,0.00,1.0,5,treatment_5,1,20,1,3,13,4,4,5,4,6,6,5,3,5,6,7,1,4,3,0,0,0,1,0,0,0,2,0,0,0,,0,34,1,5,treatment_5,,,,,,,,,,,,,,,,,,,,,,,,,,,,,,,,0,34,2
204,dl4x6evg,,0,14,14,inequality_research_survey,ExitPage,2019-12-20 09:38:54.499141+00:00,1,,,0,0.00,2b27hhvr,,,,,,0,0.00,1.0,6,treatment_6,1,19,1,3,13,6,,,,,,,,,,,,,3,0,0,0,6,1,298,173,3,0,0,0,,0,34,1,6,treatment_6,,,,,,,2,5,2,3,2,3,3,5,5,6,6,2,,,,,,,,,,,,,,0,34,2
205,je0jeyce,,0,14,14,inequality_research_survey,ExitPage,2019-12-20 09:39:18.376301+00:00,1,,,0,0.00,2b27hhvr,,,,,,0,0.00,1.0,1,treatment_1,1,42,1,3,10,6,1,3,1,4,1,1,1,4,7,7,7,4,3,0,0,0,3,0,0,0,3,1,10,5,,0,35,1,1,treatment_1,,,,,,,,,,,,,,,,,,,,,,,,,,,,,,,,0,35,2
206,w22a85k1,,0,14,14,inequality_research_survey,ExitPage,2019-12-20 09:39:44.034840+00:00,1,,,0,0.00,2b27hhvr,,,,,,0,0.00,1.0,2,treatment_2,2,23,1,1,13,6,,,,,,,,,,,,,2,0,0,0,1,0,0,0,1,0,0,0,,0,35,1,2,treatment_2,,,,,,,1,5,7,7,2,7,1,7,7,7,1,1,,,,,,,,,,,,,,0,35,2
207,7ozbl9pg,,0,14,14,inequality_research_survey,ExitPage,2019-12-20 09:43:43.648797+00:00,1,,,0,0.00,2b27hhvr,,,,,,0,0.00,1.0,3,treatment_3,2,28,1,1,4,4,2,3,3,2,3,4,1,2,6,7,5,4,3,0,0,0,5,1,3,5,4,0,0,0,,0,35,1,3,treatment_3,,,,,,,,,,,,,,,,,,,,,,,,,,,,,,,,0,35,2
208,t4h0q1l3,,0,14,14,inequality_research_survey,ExitPage,2019-12-20 09:45:09.401269+00:00,1,,,0,0.00,2b27hhvr,,,,,,0,0.00,1.0,4,treatment_4,1,25,1,1,13,6,,,,,,,,,,,,,3,1,20,20,5,1,15,15,2,0,0,0,,0,35,1,4,treatment_4,,,,,,,1,3,1,1,1,1,3,5,7,7,6,2,,,,,,,,,,,,,,0,35,2
209,5q8mncaj,,0,14,14,inequality_research_survey,ExitPage,2019-12-20 09:45:33.855327+00:00,1,,,0,0.00,2b27hhvr,,,,,,0,0.00,1.0,5,treatment_5,2,19,1,3,13,6,4,5,5,3,3,3,1,4,6,5,5,5,3,1,14,17,2,0,0,0,1,0,0,0,,0,35,1,5,treatment_5,,,,,,,,,,,,,,,,,,,,,,,,,,,,,,,,0,35,2
210,i45t2mjs,,0,14,14,inequality_research_survey,ExitPage,2019-12-20 09:47:12.804363+00:00,1,,,0,0.00,2b27hhvr,,,,,,0,0.00,1.0,6,treatment_6,2,22,1,3,13,1,,,,,,,,,,,,,3,0,0,0,4,0,0,0,2,0,0,0,,0,35,1,6,treatment_6,,,,,,,3,2,2,4,2,2,2,4,6,7,5,2,,,,,,,,,,,,,,0,35,2
211,7hzpl7sd,,0,14,14,inequality_research_survey,ExitPage,2019-12-20 09:49:41.718950+00:00,1,,,0,0.00,2b27hhvr,,,,,,0,0.00,1.0,1,treatment_1,1,26,1,1,11,2,5,6,3,4,3,3,2,5,6,6,4,3,3,1,204,101,2,0,0,0,2,0,0,0,,0,36,1,1,treatment_1,,,,,,,,,,,,,,,,,,,,,,,,,,,,,,,,0,36,2
212,x3kn2x3a,,0,14,14,inequality_research_survey,ExitPage,2019-12-20 09:53:23.553104+00:00,1,,,0,0.00,2b27hhvr,,,,,,0,0.00,1.0,2,treatment_2,2,21,3,3,15,8,,,,,,,,,,,,,3,0,0,0,5,1,0,0,3,0,0,0,,0,36,1,2,treatment_2,,,,,,,2,5,4,5,3,5,2,3,4,4,4,4,,,,,,,,,,,,,,0,36,2
213,02k0jaia,,0,14,14,inequality_research_survey,ExitPage,2019-12-20 09:54:53.465430+00:00,1,,,0,0.00,2b27hhvr,,,,,,0,0.00,1.0,3,treatment_3,2,30,3,1,10,1,1,3,2,2,2,2,2,3,6,7,6,2,3,1,15,10,3,0,0,0,2,1,108,0,,0,36,1,3,treatment_3,,,,,,,,,,,,,,,,,,,,,,,,,,,,,,,,0,36,2
214,5u98wj4m,,0,14,14,inequality_research_survey,ExitPage,2019-12-20 09:55:24.258619+00:00,1,,,0,0.00,2b27hhvr,,,,,,0,0.00,1.0,4,treatment_4,2,18,1,3,13,6,,,,,,,,,,,,,5,0,0,0,2,0,0,0,3,0,0,0,,0,36,1,4,treatment_4,,,,,,,2,4,2,6,2,3,5,6,5,7,3,3,,,,,,,,,,,,,,0,36,2
215,zumedb97,,0,14,14,inequality_research_survey,ExitPage,2019-12-20 09:57:13.112137+00:00,1,,,0,0.00,2b27hhvr,,,,,,0,0.00,1.0,5,treatment_5,2,19,1,3,13,8,5,5,7,5,7,1,6,4,1,7,7,1,2,0,0,0,1,0,0,0,1,0,0,0,,0,36,1,5,treatment_5,,,,,,,,,,,,,,,,,,,,,,,,,,,,,,,,0,36,2
216,yd0udgd5,,0,14,14,inequality_research_survey,ExitPage,2019-12-20 10:00:58.336525+00:00,1,,,0,0.00,2b27hhvr,,,,,,0,0.00,1.0,6,treatment_6,2,25,1,3,13,6,,,,,,,,,,,,,4,1,10,10,5,1,399,397,5,1,25,25,,0,36,1,6,treatment_6,,,,,,,4,4,2,3,1,5,1,5,6,7,7,1,,,,,,,,,,,,,,0,36,2
217,0qwjryel,,0,14,14,inequality_research_survey,ExitPage,2019-12-20 10:02:12.525386+00:00,1,,,0,0.00,2b27hhvr,,,,,,0,0.00,1.0,1,treatment_1,1,26,3,1,13,1,1,4,5,4,3,5,2,4,7,7,7,1,5,1,247,254,6,1,11,15,6,1,4,4,,0,37,1,1,treatment_1,,,,,,,,,,,,,,,,,,,,,,,,,,,,,,,,0,37,2
218,bc3khpc5,,0,14,14,inequality_research_survey,ExitPage,2019-12-20 10:03:32.352330+00:00,1,,,0,0.00,2b27hhvr,,,,,,0,0.00,1.0,2,treatment_2,2,20,1,3,13,8,,,,,,,,,,,,,5,1,372,321,2,0,0,0,2,0,0,0,,0,37,1,2,treatment_2,,,,,,,3,4,5,6,5,4,3,6,7,7,2,3,,,,,,,,,,,,,,0,37,2
219,x8te5iib,,0,14,14,inequality_research_survey,ExitPage,2019-12-20 10:07:26.952383+00:00,1,,,0,0.00,2b27hhvr,,,,,,0,0.00,1.0,3,treatment_3,2,21,1,3,13,1,5,6,3,6,5,6,3,5,6,7,6,3,3,0,0,0,3,1,5,0,6,0,0,0,,0,37,1,3,treatment_3,,,,,,,,,,,,,,,,,,,,,,,,,,,,,,,,0,37,2
220,p93t1nct,,0,14,14,inequality_research_survey,ExitPage,2019-12-20 10:10:19.150221+00:00,1,,,0,0.00,2b27hhvr,,,,,,0,0.00,1.0,4,treatment_4,2,24,1,1,13,6,,,,,,,,,,,,,4,1,3,18,1,0,0,0,1,0,0,0,,0,37,1,4,treatment_4,,,,,,,2,2,5,6,2,2,4,6,6,4,3,5,,,,,,,,,,,,,,0,37,2
221,dr16yxe7,,0,14,14,inequality_research_survey,ExitPage,2019-12-20 10:11:25.506445+00:00,1,,,0,0.00,2b27hhvr,,,,,,0,0.00,1.0,5,treatment_5,2,20,1,4,13,8,3,3,1,1,1,3,2,4,7,7,7,3,2,0,0,0,2,0,0,0,4,1,20,11,,0,37,1,5,treatment_5,,,,,,,,,,,,,,,,,,,,,,,,,,,,,,,,0,37,2
222,7ov8wuf4,,0,14,14,inequality_research_survey,ExitPage,2019-12-20 10:11:47.032865+00:00,1,,,0,0.00,2b27hhvr,,,,,,0,0.00,1.0,6,treatment_6,2,30,1,1,10,5,,,,,,,,,,,,,2,1,13,16,5,1,401,403,5,1,25,30,,0,37,1,6,treatment_6,,,,,,,1,6,5,2,1,7,1,7,7,7,7,1,,,,,,,,,,,,,,0,37,2
223,n01vppsy,,0,14,14,inequality_research_survey,ExitPage,2019-12-20 10:13:04.642943+00:00,1,,,0,0.00,2b27hhvr,,,,,,0,0.00,1.0,1,treatment_1,1,23,1,2,8,2,1,6,5,5,2,6,5,5,6,7,7,2,3,0,0,0,1,0,0,0,2,0,0,0,,0,38,1,1,treatment_1,,,,,,,,,,,,,,,,,,,,,,,,,,,,,,,,0,38,2
224,asc3rgl0,,0,14,14,inequality_research_survey,ExitPage,2019-12-20 10:17:37.441050+00:00,1,,,0,0.00,2b27hhvr,,,,,,0,0.00,1.0,2,treatment_2,2,42,1,4,15,3,,,,,,,,,,,,,6,1,397,218,2,0,0,0,2,0,0,0,,0,38,1,2,treatment_2,,,,,,,2,5,7,5,7,1,7,7,7,7,7,1,,,,,,,,,,,,,,0,38,2
225,omqexxw9,,0,14,14,inequality_research_survey,ExitPage,2019-12-20 10:18:10.238291+00:00,1,,,0,0.00,2b27hhvr,,,,,,0,0.00,1.0,3,treatment_3,1,22,1,3,15,6,1,3,1,3,1,3,1,4,4,6,2,3,4,0,0,0,2,0,0,0,2,0,0,0,,0,38,1,3,treatment_3,,,,,,,,,,,,,,,,,,,,,,,,,,,,,,,,0,38,2
226,60mt417d,,0,14,14,inequality_research_survey,ExitPage,2019-12-20 10:19:07.175174+00:00,1,,,0,0.00,2b27hhvr,,,,,,0,0.00,1.0,4,treatment_4,2,55,1,2,11,6,,,,,,,,,,,,,4,1,25,20,1,0,0,0,6,1,301,267,,0,38,1,4,treatment_4,,,,,,,1,1,3,2,1,1,1,5,7,7,1,1,,,,,,,,,,,,,,0,38,2
227,203xzrdn,,0,14,14,inequality_research_survey,ExitPage,2019-12-20 10:22:03.127398+00:00,1,,,0,0.00,2b27hhvr,,,,,,0,0.00,1.0,5,treatment_5,1,23,1,1,8,5,2,2,2,4,1,2,2,6,6,7,5,5,5,0,0,0,4,0,0,0,5,0,0,0,,0,38,1,5,treatment_5,,,,,,,,,,,,,,,,,,,,,,,,,,,,,,,,0,38,2
228,1pyhrdps,,0,14,14,inequality_research_survey,ExitPage,2019-12-20 11:11:37.983426+00:00,1,,,0,0.00,2b27hhvr,,,,,,0,0.00,1.0,6,treatment_6,2,23,1,3,9,5,,,,,,,,,,,,,5,1,10,10,5,1,401,399,6,1,25,25,,0,38,1,6,treatment_6,,,,,,,1,6,5,1,2,6,1,7,6,7,7,1,,,,,,,,,,,,,,0,38,2
229,a66igypk,,0,14,14,inequality_research_survey,ExitPage,2019-12-20 11:21:38.613321+00:00,1,,,0,0.00,2b27hhvr,,,,,,0,0.00,1.0,1,treatment_1,1,34,1,3,10,6,1,1,4,3,1,1,1,5,4,5,6,1,5,1,397,390,5,1,25,25,3,1,5,15,,0,39,1,1,treatment_1,,,,,,,,,,,,,,,,,,,,,,,,,,,,,,,,0,39,2
230,1sjk3w54,,0,10,14,inequality_research_survey,Beliefs,2019-12-20 11:05:41.192227+00:00,1,,,0,0.00,2b27hhvr,,,,,,0,0.00,1.0,2,treatment_2,1,25,1,6,2,8,,,,,,,,,,,,,5,1,397,400,5,1,25,41,5,1,10,10,,0,39,1,2,treatment_2,,,,,,,,,,,,,,,,,,,,,,,,,,,,,,,,0,39,2
231,focqsc7n,,0,14,14,inequality_research_survey,ExitPage,2019-12-20 11:09:56.840943+00:00,1,,,0,0.00,2b27hhvr,,,,,,0,0.00,1.0,3,treatment_3,1,55,1,2,8,1,1,3,2,2,1,2,1,4,7,6,5,1,5,1,25,25,5,1,10,10,3,0,0,0,,0,39,1,3,treatment_3,,,,,,,,,,,,,,,,,,,,,,,,,,,,,,,,0,39,2
232,cu6btkdz,,0,0,14,,,,0,,,0,0.00,2b27hhvr,,,,,,0,0.00,1.0,4,treatment_4,,,,,,,,,,,,,,,,,,,,,,,,,,,,,,,,0,39,1,4,treatment_4,,,,,,,,,,,,,,,,,,,,,,,,,,,,,,,,0,39,2
233,z6c3wob5,,0,14,14,inequality_research_survey,ExitPage,2019-12-20 11:34:10.966527+00:00,1,,,0,0.00,2b27hhvr,,,,,,0,0.00,1.0,5,treatment_5,2,20,1,3,13,7,4,1,3,4,7,5,4,4,7,7,7,7,3,1,10,4,4,0,0,0,3,0,0,0,,0,39,1,5,treatment_5,,,,,,,,,,,,,,,,,,,,,,,,,,,,,,,,0,39,2
234,ez9an0wb,,0,14,14,inequality_research_survey,ExitPage,2019-12-20 11:35:12.629639+00:00,1,,,0,0.00,2b27hhvr,,,,,,0,0.00,1.0,6,treatment_6,2,21,1,3,13,7,,,,,,,,,,,,,4,1,7,10,5,1,215,128,5,0,0,0,,0,39,1,6,treatment_6,,,,,,,4,4,3,3,5,2,2,3,5,5,5,3,,,,,,,,,,,,,,0,39,2
235,mko0cfpe,,0,14,14,inequality_research_survey,ExitPage,2019-12-20 11:36:02.595215+00:00,1,,,0,0.00,2b27hhvr,,,,,,0,0.00,1.0,1,treatment_1,1,43,3,1,10,2,1,3,6,3,2,5,2,2,5,5,2,2,3,0,0,0,3,0,0,0,3,0,0,0,,0,40,1,1,treatment_1,,,,,,,,,,,,,,,,,,,,,,,,,,,,,,,,0,40,2
236,l6fy0161,,0,14,14,inequality_research_survey,ExitPage,2019-12-20 11:45:11.976264+00:00,1,,,0,0.00,2b27hhvr,,,,,,0,0.00,1.0,2,treatment_2,1,57,1,5,11,6,,,,,,,,,,,,,4,0,0,0,2,0,0,0,2,0,0,0,,0,40,1,2,treatment_2,,,,,,,1,1,1,2,1,2,4,5,6,4,1,3,,,,,,,,,,,,,,0,40,2
237,269fxhzc,,0,14,14,inequality_research_survey,ExitPage,2019-12-20 11:46:45.645288+00:00,1,,,0,0.00,2b27hhvr,,,,,,0,0.00,1.0,3,treatment_3,1,33,2,1,10,1,1,1,1,4,1,1,1,1,1,1,1,1,1,0,0,0,2,0,0,0,1,0,0,0,,0,40,1,3,treatment_3,,,,,,,,,,,,,,,,,,,,,,,,,,,,,,,,0,40,2
238,004ycvif,,0,14,14,inequality_research_survey,ExitPage,2019-12-20 11:48:03.982642+00:00,1,,,0,0.00,2b27hhvr,,,,,,0,0.00,1.0,4,treatment_4,1,29,3,1,13,8,,,,,,,,,,,,,4,0,0,0,3,0,0,0,3,0,0,0,,0,40,1,4,treatment_4,,,,,,,6,7,1,7,1,6,5,1,2,1,2,2,,,,,,,,,,,,,,0,40,2
239,u1yun91z,,0,14,14,inequality_research_survey,ExitPage,2019-12-20 11:50:45.497972+00:00,1,,,0,0.00,2b27hhvr,,,,,,0,0.00,1.0,5,treatment_5,1,28,3,1,5,5,2,7,4,5,4,7,7,7,7,7,7,7,4,1,12,8,1,1,0,0,3,1,23,27,,0,40,1,5,treatment_5,,,,,,,,,,,,,,,,,,,,,,,,,,,,,,,,0,40,2
240,294d0exm,,0,14,14,inequality_research_survey,ExitPage,2019-12-20 11:51:09.997547+00:00,1,,,0,0.00,2b27hhvr,,,,,,0,0.00,1.0,6,treatment_6,1,55,1,1,8,5,,,,,,,,,,,,,5,1,10,10,4,1,401,298,5,1,19,9,,0,40,1,6,treatment_6,,,,,,,1,7,7,2,7,7,2,7,7,7,7,1,,,,,,,,,,,,,,0,40,2
241,vyexm5sb,,0,14,14,inequality_research_survey,ExitPage,2019-12-20 11:56:24.110922+00:00,1,,,0,0.00,2b27hhvr,,,,,,0,0.00,1.0,1,treatment_1,2,54,1,1,11,1,1,6,3,1,2,2,1,6,3,2,6,1,5,1,400,400,6,1,25,25,2,0,0,0,,0,41,1,1,treatment_1,,,,,,,,,,,,,,,,,,,,,,,,,,,,,,,,0,41,2
242,3fyag8re,,0,14,14,inequality_research_survey,ExitPage,2019-12-20 11:58:31.324855+00:00,1,,,0,0.00,2b27hhvr,,,,,,0,0.00,1.0,2,treatment_2,1,21,1,3,13,6,,,,,,,,,,,,,3,1,200,200,2,0,0,0,3,0,0,0,,0,41,1,2,treatment_2,,,,,,,6,3,5,3,2,1,1,5,4,7,6,2,,,,,,,,,,,,,,0,41,2
243,9rcpmha6,,0,14,14,inequality_research_survey,ExitPage,2019-12-20 11:59:13.495617+00:00,1,,,0,0.00,2b27hhvr,,,,,,0,0.00,1.0,3,treatment_3,1,70,1,3,12,7,1,5,2,7,3,6,6,7,7,4,7,4,6,1,20,10,5,1,14,13,7,1,325,200,,0,41,1,3,treatment_3,,,,,,,,,,,,,,,,,,,,,,,,,,,,,,,,0,41,2
244,kktqddzj,,0,14,14,inequality_research_survey,ExitPage,2019-12-20 12:05:01.557369+00:00,1,,,0,0.00,2b27hhvr,,,,,,0,0.00,1.0,4,treatment_4,1,63,1,6,5,7,,,,,,,,,,,,,1,1,0,20,2,0,0,0,2,0,0,0,,0,41,1,4,treatment_4,,,,,,,2,4,1,3,1,2,2,3,3,7,7,3,,,,,,,,,,,,,,0,41,2
245,eysksn3d,,0,14,14,inequality_research_survey,ExitPage,2019-12-20 12:06:35.852658+00:00,1,,,0,0.00,2b27hhvr,,,,,,0,0.00,1.0,5,treatment_5,1,29,1,1,13,1,2,1,2,2,1,1,1,3,3,2,1,1,2,0,0,0,5,1,321,184,2,0,0,0,,0,41,1,5,treatment_5,,,,,,,,,,,,,,,,,,,,,,,,,,,,,,,,0,41,2
246,xr54chrg,,0,14,14,inequality_research_survey,ExitPage,2019-12-20 12:12:36.811355+00:00,1,,,0,0.00,2b27hhvr,,,,,,0,0.00,1.0,6,treatment_6,1,36,3,1,9,8,,,,,,,,,,,,,4,0,0,0,4,0,0,0,3,0,0,0,,0,41,1,6,treatment_6,,,,,,,2,1,1,3,1,2,1,6,5,5,6,3,,,,,,,,,,,,,,0,41,2
247,e9rshxzt,,0,14,14,inequality_research_survey,ExitPage,2019-12-20 12:13:49.558883+00:00,1,,,0,0.00,2b27hhvr,,,,,,0,0.00,1.0,1,treatment_1,2,21,1,2,8,6,5,5,3,6,3,5,3,7,7,7,3,2,1,0,0,0,1,0,0,0,1,0,0,0,,0,42,1,1,treatment_1,,,,,,,,,,,,,,,,,,,,,,,,,,,,,,,,0,42,2
248,qy3u0d8m,,0,14,14,inequality_research_survey,ExitPage,2019-12-20 12:15:26.153423+00:00,1,,,0,0.00,2b27hhvr,,,,,,0,0.00,1.0,2,treatment_2,1,30,1,1,11,6,,,,,,,,,,,,,4,0,70,0,2,0,0,0,4,1,10,10,,0,42,1,2,treatment_2,,,,,,,2,4,4,3,4,4,4,7,7,7,5,2,,,,,,,,,,,,,,0,42,2
249,uhvkejqw,,0,14,14,inequality_research_survey,ExitPage,2019-12-20 12:19:29.360676+00:00,1,,,0,0.00,2b27hhvr,,,,,,0,0.00,1.0,3,treatment_3,2,18,1,3,13,4,1,5,3,4,1,4,1,7,5,7,2,1,5,1,20,15,2,0,0,0,3,0,0,0,,0,42,1,3,treatment_3,,,,,,,,,,,,,,,,,,,,,,,,,,,,,,,,0,42,2
250,mqhopnn4,,0,14,14,inequality_research_survey,ExitPage,2019-12-20 12:24:53.362002+00:00,1,,,0,0.00,2b27hhvr,,,,,,0,0.00,1.0,4,treatment_4,2,20,1,3,13,4,,,,,,,,,,,,,5,0,0,0,4,0,0,0,4,1,198,193,,0,42,1,4,treatment_4,,,,,,,3,4,5,3,3,4,2,3,7,7,5,6,,,,,,,,,,,,,,0,42,2
251,95cq4ki9,,0,14,14,inequality_research_survey,ExitPage,2019-12-20 12:33:19.722055+00:00,1,,,0,0.00,2b27hhvr,,,,,,0,0.00,1.0,5,treatment_5,2,25,1,1,13,1,1,1,3,2,1,3,1,1,3,7,4,4,4,0,0,0,1,0,0,0,1,0,0,0,,0,42,1,5,treatment_5,,,,,,,,,,,,,,,,,,,,,,,,,,,,,,,,0,42,2
252,jkvgwaln,,0,0,14,,,,0,,,0,0.00,2b27hhvr,,,,,,0,0.00,1.0,6,treatment_6,,,,,,,,,,,,,,,,,,,,,,,,,,,,,,,,0,42,1,6,treatment_6,,,,,,,,,,,,,,,,,,,,,,,,,,,,,,,,0,42,2
253,d07cwlz0,,0,14,14,inequality_research_survey,ExitPage,2019-12-20 12:37:07.676522+00:00,1,,,0,0.00,2b27hhvr,,,,,,0,0.00,1.0,1,treatment_1,1,27,1,3,13,6,2,3,3,2,2,3,2,4,5,4,2,1,3,1,100,100,3,0,0,0,3,0,0,0,,0,43,1,1,treatment_1,,,,,,,,,,,,,,,,,,,,,,,,,,,,,,,,0,43,2
254,orly3oef,,0,14,14,inequality_research_survey,ExitPage,2019-12-20 12:39:26.524049+00:00,1,,,0,0.00,2b27hhvr,,,,,,0,0.00,1.0,2,treatment_2,2,19,1,3,13,6,,,,,,,,,,,,,3,1,248,153,5,1,20,15,2,0,0,0,,0,43,1,2,treatment_2,,,,,,,6,6,6,5,6,6,4,7,6,6,4,3,,,,,,,,,,,,,,0,43,2
255,7s74kmdo,,0,14,14,inequality_research_survey,ExitPage,2019-12-20 12:41:35.235785+00:00,1,,,0,0.00,2b27hhvr,,,,,,0,0.00,1.0,3,treatment_3,2,23,1,1,13,1,3,2,2,5,2,3,3,5,3,7,3,6,2,0,0,0,2,0,0,0,2,0,0,0,,0,43,1,3,treatment_3,,,,,,,,,,,,,,,,,,,,,,,,,,,,,,,,0,43,2
256,zkighr31,,0,14,14,inequality_research_survey,ExitPage,2019-12-20 12:41:53.168361+00:00,1,,,0,0.00,2b27hhvr,,,,,,0,0.00,1.0,4,treatment_4,2,26,1,1,13,7,,,,,,,,,,,,,5,1,25,25,5,1,10,10,5,1,399,399,,0,43,1,4,treatment_4,,,,,,,2,3,3,3,2,2,1,4,6,7,7,2,,,,,,,,,,,,,,0,43,2
257,1r04jgjq,,0,14,14,inequality_research_survey,ExitPage,2019-12-20 12:45:19.025824+00:00,1,,,0,0.00,2b27hhvr,,,,,,0,0.00,1.0,5,treatment_5,3,18,1,3,13,7,7,6,5,6,3,6,5,6,7,4,5,2,1,0,0,0,4,0,0,0,2,0,0,0,,0,43,1,5,treatment_5,,,,,,,,,,,,,,,,,,,,,,,,,,,,,,,,0,43,2
258,5z3xjbbn,,0,14,14,inequality_research_survey,ExitPage,2019-12-20 12:48:08.120193+00:00,1,,,0,0.00,2b27hhvr,,,,,,0,0.00,1.0,6,treatment_6,2,27,1,3,10,5,,,,,,,,,,,,,5,1,14,14,6,1,403,372,5,1,37,45,,0,43,1,6,treatment_6,,,,,,,5,4,5,6,4,5,2,6,6,5,7,2,,,,,,,,,,,,,,0,43,2
259,815r33t4,,0,14,14,inequality_research_survey,ExitPage,2019-12-20 12:48:41.780661+00:00,1,,,0,0.00,2b27hhvr,,,,,,0,0.00,1.0,1,treatment_1,1,22,1,1,13,3,1,4,4,7,4,3,1,7,3,7,1,1,3,0,0,0,1,0,0,0,2,0,0,0,,0,44,1,1,treatment_1,,,,,,,,,,,,,,,,,,,,,,,,,,,,,,,,0,44,2
260,nv6bhq8v,,0,14,14,inequality_research_survey,ExitPage,2019-12-20 12:49:42.646400+00:00,1,,,0,0.00,2b27hhvr,,,,,,0,0.00,1.0,2,treatment_2,2,21,1,3,13,6,,,,,,,,,,,,,5,1,301,200,2,0,0,0,6,1,10,10,,0,44,1,2,treatment_2,,,,,,,1,3,5,2,2,5,2,7,7,7,4,1,,,,,,,,,,,,,,0,44,2
261,nx2bfwf0,,0,14,14,inequality_research_survey,ExitPage,2019-12-20 12:52:04.318242+00:00,1,,,0,0.00,2b27hhvr,,,,,,0,0.00,1.0,3,treatment_3,2,23,1,3,9,6,1,5,2,3,1,6,2,6,6,7,7,2,4,1,20,20,2,0,0,0,4,0,0,0,,0,44,1,3,treatment_3,,,,,,,,,,,,,,,,,,,,,,,,,,,,,,,,0,44,2
262,m8dmphdf,,0,0,14,,,,0,,,0,0.00,2b27hhvr,,,,,,0,0.00,1.0,4,treatment_4,,,,,,,,,,,,,,,,,,,,,,,,,,,,,,,,0,44,1,4,treatment_4,,,,,,,,,,,,,,,,,,,,,,,,,,,,,,,,0,44,2
263,u4mucznk,,0,0,14,,,,0,,,0,0.00,2b27hhvr,,,,,,0,0.00,1.0,5,treatment_5,,,,,,,,,,,,,,,,,,,,,,,,,,,,,,,,0,44,1,5,treatment_5,,,,,,,,,,,,,,,,,,,,,,,,,,,,,,,,0,44,2
264,x8gsyvf2,,0,0,14,,,,0,,,0,0.00,2b27hhvr,,,,,,0,0.00,1.0,6,treatment_6,,,,,,,,,,,,,,,,,,,,,,,,,,,,,,,,0,44,1,6,treatment_6,,,,,,,,,,,,,,,,,,,,,,,,,,,,,,,,0,44,2
265,2fnxlf6v,,0,0,14,,,,0,,,0,0.00,2b27hhvr,,,,,,0,0.00,1.0,1,treatment_1,,,,,,,,,,,,,,,,,,,,,,,,,,,,,,,,0,45,1,1,treatment_1,,,,,,,,,,,,,,,,,,,,,,,,,,,,,,,,0,45,2
266,5iobjkdk,,0,0,14,,,,0,,,0,0.00,2b27hhvr,,,,,,0,0.00,1.0,2,treatment_2,,,,,,,,,,,,,,,,,,,,,,,,,,,,,,,,0,45,1,2,treatment_2,,,,,,,,,,,,,,,,,,,,,,,,,,,,,,,,0,45,2
267,ti5f0d21,,0,0,14,,,,0,,,0,0.00,2b27hhvr,,,,,,0,0.00,1.0,3,treatment_3,,,,,,,,,,,,,,,,,,,,,,,,,,,,,,,,0,45,1,3,treatment_3,,,,,,,,,,,,,,,,,,,,,,,,,,,,,,,,0,45,2
268,obrov015,,0,0,14,,,,0,,,0,0.00,2b27hhvr,,,,,,0,0.00,1.0,4,treatment_4,,,,,,,,,,,,,,,,,,,,,,,,,,,,,,,,0,45,1,4,treatment_4,,,,,,,,,,,,,,,,,,,,,,,,,,,,,,,,0,45,2
269,5hm8ascl,,0,0,14,,,,0,,,0,0.00,2b27hhvr,,,,,,0,0.00,1.0,5,treatment_5,,,,,,,,,,,,,,,,,,,,,,,,,,,,,,,,0,45,1,5,treatment_5,,,,,,,,,,,,,,,,,,,,,,,,,,,,,,,,0,45,2
270,zxpgq0f5,,0,0,14,,,,0,,,0,0.00,2b27hhvr,,,,,,0,0.00,1.0,6,treatment_6,,,,,,,,,,,,,,,,,,,,,,,,,,,,,,,,0,45,1,6,treatment_6,,,,,,,,,,,,,,,,,,,,,,,,,,,,,,,,0,45,2
271,nt7bnkpt,,0,0,14,,,,0,,,0,0.00,2b27hhvr,,,,,,0,0.00,1.0,1,treatment_1,,,,,,,,,,,,,,,,,,,,,,,,,,,,,,,,0,46,1,1,treatment_1,,,,,,,,,,,,,,,,,,,,,,,,,,,,,,,,0,46,2
272,ep5je86f,,0,0,14,,,,0,,,0,0.00,2b27hhvr,,,,,,0,0.00,1.0,2,treatment_2,,,,,,,,,,,,,,,,,,,,,,,,,,,,,,,,0,46,1,2,treatment_2,,,,,,,,,,,,,,,,,,,,,,,,,,,,,,,,0,46,2
273,e8s6x3hk,,0,0,14,,,,0,,,0,0.00,2b27hhvr,,,,,,0,0.00,1.0,3,treatment_3,,,,,,,,,,,,,,,,,,,,,,,,,,,,,,,,0,46,1,3,treatment_3,,,,,,,,,,,,,,,,,,,,,,,,,,,,,,,,0,46,2
274,iz8d4rtn,,0,0,14,,,,0,,,0,0.00,2b27hhvr,,,,,,0,0.00,1.0,4,treatment_4,,,,,,,,,,,,,,,,,,,,,,,,,,,,,,,,0,46,1,4,treatment_4,,,,,,,,,,,,,,,,,,,,,,,,,,,,,,,,0,46,2
275,3kz8j4wn,,0,0,14,,,,0,,,0,0.00,2b27hhvr,,,,,,0,0.00,1.0,5,treatment_5,,,,,,,,,,,,,,,,,,,,,,,,,,,,,,,,0,46,1,5,treatment_5,,,,,,,,,,,,,,,,,,,,,,,,,,,,,,,,0,46,2
276,7o1lej35,,0,0,14,,,,0,,,0,0.00,2b27hhvr,,,,,,0,0.00,1.0,6,treatment_6,,,,,,,,,,,,,,,,,,,,,,,,,,,,,,,,0,46,1,6,treatment_6,,,,,,,,,,,,,,,,,,,,,,,,,,,,,,,,0,46,2
277,efxr766i,,0,0,14,,,,0,,,0,0.00,2b27hhvr,,,,,,0,0.00,1.0,1,treatment_1,,,,,,,,,,,,,,,,,,,,,,,,,,,,,,,,0,47,1,1,treatment_1,,,,,,,,,,,,,,,,,,,,,,,,,,,,,,,,0,47,2
278,rojpymhz,,0,0,14,,,,0,,,0,0.00,2b27hhvr,,,,,,0,0.00,1.0,2,treatment_2,,,,,,,,,,,,,,,,,,,,,,,,,,,,,,,,0,47,1,2,treatment_2,,,,,,,,,,,,,,,,,,,,,,,,,,,,,,,,0,47,2
279,qjoj0d9v,,0,0,14,,,,0,,,0,0.00,2b27hhvr,,,,,,0,0.00,1.0,3,treatment_3,,,,,,,,,,,,,,,,,,,,,,,,,,,,,,,,0,47,1,3,treatment_3,,,,,,,,,,,,,,,,,,,,,,,,,,,,,,,,0,47,2
280,50w6lv6c,,0,0,14,,,,0,,,0,0.00,2b27hhvr,,,,,,0,0.00,1.0,4,treatment_4,,,,,,,,,,,,,,,,,,,,,,,,,,,,,,,,0,47,1,4,treatment_4,,,,,,,,,,,,,,,,,,,,,,,,,,,,,,,,0,47,2
281,ihsnpid2,,0,0,14,,,,0,,,0,0.00,2b27hhvr,,,,,,0,0.00,1.0,5,treatment_5,,,,,,,,,,,,,,,,,,,,,,,,,,,,,,,,0,47,1,5,treatment_5,,,,,,,,,,,,,,,,,,,,,,,,,,,,,,,,0,47,2
282,6xbvxdvo,,0,0,14,,,,0,,,0,0.00,2b27hhvr,,,,,,0,0.00,1.0,6,treatment_6,,,,,,,,,,,,,,,,,,,,,,,,,,,,,,,,0,47,1,6,treatment_6,,,,,,,,,,,,,,,,,,,,,,,,,,,,,,,,0,47,2
283,rhadleow,,0,0,14,,,,0,,,0,0.00,2b27hhvr,,,,,,0,0.00,1.0,1,treatment_1,,,,,,,,,,,,,,,,,,,,,,,,,,,,,,,,0,48,1,1,treatment_1,,,,,,,,,,,,,,,,,,,,,,,,,,,,,,,,0,48,2
284,l1k610gx,,0,0,14,,,,0,,,0,0.00,2b27hhvr,,,,,,0,0.00,1.0,2,treatment_2,,,,,,,,,,,,,,,,,,,,,,,,,,,,,,,,0,48,1,2,treatment_2,,,,,,,,,,,,,,,,,,,,,,,,,,,,,,,,0,48,2
285,yeo1tldh,,0,0,14,,,,0,,,0,0.00,2b27hhvr,,,,,,0,0.00,1.0,3,treatment_3,,,,,,,,,,,,,,,,,,,,,,,,,,,,,,,,0,48,1,3,treatment_3,,,,,,,,,,,,,,,,,,,,,,,,,,,,,,,,0,48,2
286,z51mn1gr,,0,0,14,,,,0,,,0,0.00,2b27hhvr,,,,,,0,0.00,1.0,4,treatment_4,,,,,,,,,,,,,,,,,,,,,,,,,,,,,,,,0,48,1,4,treatment_4,,,,,,,,,,,,,,,,,,,,,,,,,,,,,,,,0,48,2
287,4458sozv,,0,0,14,,,,0,,,0,0.00,2b27hhvr,,,,,,0,0.00,1.0,5,treatment_5,,,,,,,,,,,,,,,,,,,,,,,,,,,,,,,,0,48,1,5,treatment_5,,,,,,,,,,,,,,,,,,,,,,,,,,,,,,,,0,48,2
288,7tppd5ip,,0,0,14,,,,0,,,0,0.00,2b27hhvr,,,,,,0,0.00,1.0,6,treatment_6,,,,,,,,,,,,,,,,,,,,,,,,,,,,,,,,0,48,1,6,treatment_6,,,,,,,,,,,,,,,,,,,,,,,,,,,,,,,,0,48,2
289,cx8didzu,,0,0,14,,,,0,,,0,0.00,2b27hhvr,,,,,,0,0.00,1.0,1,treatment_1,,,,,,,,,,,,,,,,,,,,,,,,,,,,,,,,0,49,1,1,treatment_1,,,,,,,,,,,,,,,,,,,,,,,,,,,,,,,,0,49,2
290,gu1txcck,,0,0,14,,,,0,,,0,0.00,2b27hhvr,,,,,,0,0.00,1.0,2,treatment_2,,,,,,,,,,,,,,,,,,,,,,,,,,,,,,,,0,49,1,2,treatment_2,,,,,,,,,,,,,,,,,,,,,,,,,,,,,,,,0,49,2
291,8qsjkmf6,,0,0,14,,,,0,,,0,0.00,2b27hhvr,,,,,,0,0.00,1.0,3,treatment_3,,,,,,,,,,,,,,,,,,,,,,,,,,,,,,,,0,49,1,3,treatment_3,,,,,,,,,,,,,,,,,,,,,,,,,,,,,,,,0,49,2
292,36zoonn7,,0,0,14,,,,0,,,0,0.00,2b27hhvr,,,,,,0,0.00,1.0,4,treatment_4,,,,,,,,,,,,,,,,,,,,,,,,,,,,,,,,0,49,1,4,treatment_4,,,,,,,,,,,,,,,,,,,,,,,,,,,,,,,,0,49,2
293,4x0pyr7y,,0,0,14,,,,0,,,0,0.00,2b27hhvr,,,,,,0,0.00,1.0,5,treatment_5,,,,,,,,,,,,,,,,,,,,,,,,,,,,,,,,0,49,1,5,treatment_5,,,,,,,,,,,,,,,,,,,,,,,,,,,,,,,,0,49,2
294,waqlw5p4,,0,0,14,,,,0,,,0,0.00,2b27hhvr,,,,,,0,0.00,1.0,6,treatment_6,,,,,,,,,,,,,,,,,,,,,,,,,,,,,,,,0,49,1,6,treatment_6,,,,,,,,,,,,,,,,,,,,,,,,,,,,,,,,0,49,2
295,koweixyl,,0,0,14,,,,0,,,0,0.00,2b27hhvr,,,,,,0,0.00,1.0,1,treatment_1,,,,,,,,,,,,,,,,,,,,,,,,,,,,,,,,0,50,1,1,treatment_1,,,,,,,,,,,,,,,,,,,,,,,,,,,,,,,,0,50,2
296,8ttzah4p,,0,0,14,,,,0,,,0,0.00,2b27hhvr,,,,,,0,0.00,1.0,2,treatment_2,,,,,,,,,,,,,,,,,,,,,,,,,,,,,,,,0,50,1,2,treatment_2,,,,,,,,,,,,,,,,,,,,,,,,,,,,,,,,0,50,2
297,zfwpmbyu,,0,0,14,,,,0,,,0,0.00,2b27hhvr,,,,,,0,0.00,1.0,3,treatment_3,,,,,,,,,,,,,,,,,,,,,,,,,,,,,,,,0,50,1,3,treatment_3,,,,,,,,,,,,,,,,,,,,,,,,,,,,,,,,0,50,2
298,1sm8ppo4,,0,0,14,,,,0,,,0,0.00,2b27hhvr,,,,,,0,0.00,1.0,4,treatment_4,,,,,,,,,,,,,,,,,,,,,,,,,,,,,,,,0,50,1,4,treatment_4,,,,,,,,,,,,,,,,,,,,,,,,,,,,,,,,0,50,2
299,8lmn1qs9,,0,0,14,,,,0,,,0,0.00,2b27hhvr,,,,,,0,0.00,1.0,5,treatment_5,,,,,,,,,,,,,,,,,,,,,,,,,,,,,,,,0,50,1,5,treatment_5,,,,,,,,,,,,,,,,,,,,,,,,,,,,,,,,0,50,2
300,l4oebdws,,0,0,14,,,,0,,,0,0.00,2b27hhvr,,,,,,0,0.00,1.0,6,treatment_6,,,,,,,,,,,,,,,,,,,,,,,,,,,,,,,,0,50,1,6,treatment_6,,,,,,,,,,,,,,,,,,,,,,,,,,,,,,,,0,50,2
1,x9j57m7m,,0,0,14,,,,0,,,0,0.00,cmymqqu7,,,,,,1,0.00,1.0,1,treatment_1,,,,,,,,,,,,,,,,,,,,,,,,,,,,,,,,0,1,1,1,treatment_1,,,,,,,,,,,,,,,,,,,,,,,,,,,,,,,,0,1,2
2,h2o90jr1,,0,0,14,,,,0,,,0,0.00,cmymqqu7,,,,,,1,0.00,1.0,2,treatment_2,,,,,,,,,,,,,,,,,,,,,,,,,,,,,,,,0,1,1,2,treatment_2,,,,,,,,,,,,,,,,,,,,,,,,,,,,,,,,0,1,2
3,25e0d3j1,,0,0,14,,,,0,,,0,0.00,cmymqqu7,,,,,,1,0.00,1.0,3,treatment_3,,,,,,,,,,,,,,,,,,,,,,,,,,,,,,,,0,1,1,3,treatment_3,,,,,,,,,,,,,,,,,,,,,,,,,,,,,,,,0,1,2
4,9m320sgu,,0,0,14,,,,0,,,0,0.00,cmymqqu7,,,,,,1,0.00,1.0,4,treatment_4,,,,,,,,,,,,,,,,,,,,,,,,,,,,,,,,0,1,1,4,treatment_4,,,,,,,,,,,,,,,,,,,,,,,,,,,,,,,,0,1,2
5,uxyy1kma,,0,0,14,,,,0,,,0,0.00,cmymqqu7,,,,,,1,0.00,1.0,5,treatment_5,,,,,,,,,,,,,,,,,,,,,,,,,,,,,,,,0,1,1,5,treatment_5,,,,,,,,,,,,,,,,,,,,,,,,,,,,,,,,0,1,2
6,q9wj5q23,,0,0,14,,,,0,,,0,0.00,cmymqqu7,,,,,,1,0.00,1.0,6,treatment_6,,,,,,,,,,,,,,,,,,,,,,,,,,,,,,,,0,1,1,6,treatment_6,,,,,,,,,,,,,,,,,,,,,,,,,,,,,,,,0,1,2
1,mj67ktke,,0,0,14,,,,0,,,0,0.00,oyye3ypt,,,,,,1,0.00,1.0,1,treatment_1,,,,,,,,,,,,,,,,,,,,,,,,,,,,,,,,0,1,1,1,treatment_1,,,,,,,,,,,,,,,,,,,,,,,,,,,,,,,,0,1,2
2,95mkt08s,,0,0,14,,,,0,,,0,0.00,oyye3ypt,,,,,,1,0.00,1.0,2,treatment_2,,,,,,,,,,,,,,,,,,,,,,,,,,,,,,,,0,1,1,2,treatment_2,,,,,,,,,,,,,,,,,,,,,,,,,,,,,,,,0,1,2
3,uhstgbjn,,0,0,14,,,,0,,,0,0.00,oyye3ypt,,,,,,1,0.00,1.0,3,treatment_3,,,,,,,,,,,,,,,,,,,,,,,,,,,,,,,,0,1,1,3,treatment_3,,,,,,,,,,,,,,,,,,,,,,,,,,,,,,,,0,1,2
4,tmb81z3i,,0,0,14,,,,0,,,0,0.00,oyye3ypt,,,,,,1,0.00,1.0,4,treatment_4,,,,,,,,,,,,,,,,,,,,,,,,,,,,,,,,0,1,1,4,treatment_4,,,,,,,,,,,,,,,,,,,,,,,,,,,,,,,,0,1,2
5,54ai12h1,,0,0,14,,,,0,,,0,0.00,oyye3ypt,,,,,,1,0.00,1.0,5,treatment_5,,,,,,,,,,,,,,,,,,,,,,,,,,,,,,,,0,1,1,5,treatment_5,,,,,,,,,,,,,,,,,,,,,,,,,,,,,,,,0,1,2
6,6v337qym,,0,0,14,,,,0,,,0,0.00,oyye3ypt,,,,,,1,0.00,1.0,6,treatment_6,,,,,,,,,,,,,,,,,,,,,,,,,,,,,,,,0,1,1,6,treatment_6,,,,,,,,,,,,,,,,,,,,,,,,,,,,,,,,0,1,2
